period_id,permno,eligible_A,eligible_B,membership
1,10006,FALSE,TRUE,B only
1,10014,FALSE,TRUE,B only
1,10022,FALSE,TRUE,B only
1,10030,TRUE,TRUE,Both
1,10057,TRUE,TRUE,Both
1,10073,FALSE,TRUE,B only
1,10102,TRUE,TRUE,Both
1,10137,TRUE,TRUE,Both
1,10145,TRUE,TRUE,Both
1,10153,FALSE,TRUE,B only
1,10161,FALSE,TRUE,B only
1,10188,TRUE,TRUE,Both
1,10196,TRUE,TRUE,Both
1,10209,FALSE,TRUE,B only
1,10217,TRUE,TRUE,Both
1,10225,TRUE,TRUE,Both
1,10233,FALSE,TRUE,B only
1,10241,TRUE,TRUE,Both
1,10268,TRUE,TRUE,Both
1,10276,FALSE,TRUE,B only
1,10284,FALSE,TRUE,B only
1,10292,FALSE,TRUE,B only
1,10313,TRUE,TRUE,Both
1,10321,TRUE,TRUE,Both
1,10348,FALSE,TRUE,B only
1,10364,TRUE,TRUE,Both
1,10372,TRUE,TRUE,Both
1,10399,TRUE,TRUE,Both
1,10401,TRUE,TRUE,Both
1,10428,TRUE,TRUE,Both
1,10436,TRUE,TRUE,Both
1,10444,TRUE,TRUE,Both
1,10452,FALSE,TRUE,B only
1,10460,TRUE,TRUE,Both
1,10479,FALSE,TRUE,B only
1,10487,TRUE,TRUE,Both
1,10495,TRUE,TRUE,Both
1,10516,TRUE,TRUE,Both
1,10524,TRUE,TRUE,Both
1,10532,FALSE,TRUE,B only
1,10559,TRUE,TRUE,Both
1,10567,FALSE,TRUE,B only
1,10575,TRUE,TRUE,Both
1,10591,TRUE,TRUE,Both
1,10604,TRUE,TRUE,Both
1,10612,TRUE,TRUE,Both
1,10620,FALSE,TRUE,B only
1,10639,FALSE,TRUE,B only
1,10647,TRUE,TRUE,Both
1,10671,TRUE,TRUE,Both
1,10698,TRUE,TRUE,Both
1,10719,TRUE,TRUE,Both
1,10727,FALSE,TRUE,B only
1,10735,FALSE,TRUE,B only
1,10743,TRUE,TRUE,Both
1,10751,TRUE,TRUE,Both
1,10778,TRUE,TRUE,Both
1,10786,TRUE,TRUE,Both
1,10807,FALSE,TRUE,B only
1,10823,FALSE,TRUE,B only
1,10858,TRUE,TRUE,Both
1,10866,FALSE,TRUE,B only
1,10874,TRUE,TRUE,Both
1,10890,TRUE,TRUE,Both
1,10903,FALSE,TRUE,B only
1,10911,FALSE,TRUE,B only
1,10938,TRUE,TRUE,Both
1,10954,TRUE,TRUE,Both
1,10962,FALSE,TRUE,B only
1,10970,TRUE,TRUE,Both
1,10989,TRUE,TRUE,Both
1,11017,FALSE,TRUE,B only
1,11033,TRUE,TRUE,Both
1,11068,TRUE,TRUE,Both
1,11076,FALSE,TRUE,B only
1,11084,FALSE,TRUE,B only
1,11092,TRUE,TRUE,Both
1,11105,TRUE,TRUE,Both
1,11113,TRUE,TRUE,Both
1,11148,TRUE,TRUE,Both
1,11156,TRUE,TRUE,Both
1,11164,TRUE,TRUE,Both
1,11180,FALSE,FALSE,Neither
1,11199,TRUE,TRUE,Both
1,11201,TRUE,TRUE,Both
1,11228,FALSE,TRUE,B only
1,11244,FALSE,TRUE,B only
1,11252,TRUE,TRUE,Both
1,11260,TRUE,TRUE,Both
1,11287,TRUE,TRUE,Both
1,11295,TRUE,TRUE,Both
1,11308,TRUE,TRUE,Both
1,11316,FALSE,TRUE,B only
1,11324,TRUE,TRUE,Both
1,11332,FALSE,TRUE,B only
1,11340,TRUE,TRUE,Both
1,11359,TRUE,TRUE,Both
1,11367,TRUE,TRUE,Both
1,11375,FALSE,TRUE,B only
1,11391,TRUE,TRUE,Both
1,11404,TRUE,TRUE,Both
1,11420,FALSE,TRUE,B only
1,11439,FALSE,TRUE,B only
1,11447,TRUE,TRUE,Both
1,11455,FALSE,TRUE,B only
1,11463,FALSE,TRUE,B only
1,11471,TRUE,TRUE,Both
1,11498,TRUE,TRUE,Both
1,11500,TRUE,TRUE,Both
1,11527,FALSE,TRUE,B only
1,11535,TRUE,TRUE,Both
1,11543,TRUE,TRUE,Both
1,11607,TRUE,TRUE,Both
1,11658,TRUE,TRUE,Both
1,11666,TRUE,TRUE,Both
1,11674,TRUE,TRUE,Both
1,11690,TRUE,TRUE,Both
1,11703,TRUE,TRUE,Both
1,11711,TRUE,TRUE,Both
1,11746,TRUE,TRUE,Both
1,11754,TRUE,TRUE,Both
1,11762,TRUE,TRUE,Both
1,11770,FALSE,TRUE,B only
1,11789,TRUE,TRUE,Both
1,11797,FALSE,FALSE,Neither
1,11826,FALSE,TRUE,B only
1,11834,TRUE,TRUE,Both
1,11842,FALSE,TRUE,B only
1,11850,TRUE,TRUE,Both
1,11869,FALSE,TRUE,B only
1,11877,TRUE,TRUE,Both
1,11885,TRUE,TRUE,Both
1,11906,FALSE,TRUE,B only
1,11914,TRUE,TRUE,Both
1,11922,TRUE,TRUE,Both
1,11949,TRUE,TRUE,Both
1,11973,TRUE,TRUE,Both
1,11981,TRUE,TRUE,Both
1,12001,TRUE,TRUE,Both
1,12036,TRUE,TRUE,Both
1,12044,FALSE,TRUE,B only
1,12052,FALSE,TRUE,B only
1,12060,TRUE,TRUE,Both
1,12079,TRUE,TRUE,Both
1,12087,TRUE,TRUE,Both
1,12095,TRUE,TRUE,Both
1,12108,TRUE,TRUE,Both
1,12124,TRUE,TRUE,Both
1,12132,TRUE,TRUE,Both
1,12140,TRUE,TRUE,Both
1,12159,TRUE,TRUE,Both
1,12167,TRUE,TRUE,Both
1,12183,TRUE,TRUE,Both
1,12191,TRUE,TRUE,Both
1,12204,FALSE,FALSE,Neither
1,12212,FALSE,TRUE,B only
1,12220,FALSE,TRUE,B only
1,12239,FALSE,TRUE,B only
1,12271,FALSE,TRUE,B only
1,12298,FALSE,TRUE,B only
1,12300,FALSE,TRUE,B only
1,12319,FALSE,TRUE,B only
1,12335,TRUE,TRUE,Both
1,12343,TRUE,TRUE,Both
1,12351,TRUE,TRUE,Both
1,12378,TRUE,TRUE,Both
1,12386,TRUE,TRUE,Both
1,12394,TRUE,TRUE,Both
1,12431,TRUE,TRUE,Both
1,12458,TRUE,TRUE,Both
1,12466,TRUE,TRUE,Both
1,12474,FALSE,TRUE,B only
1,12490,FALSE,TRUE,B only
1,12503,TRUE,TRUE,Both
1,12511,TRUE,TRUE,Both
1,12538,FALSE,TRUE,B only
1,12554,FALSE,TRUE,B only
1,12562,FALSE,TRUE,B only
1,12570,TRUE,TRUE,Both
1,12618,FALSE,TRUE,B only
1,12626,TRUE,TRUE,Both
1,12650,FALSE,TRUE,B only
1,12669,TRUE,TRUE,Both
1,12685,TRUE,TRUE,Both
1,12706,TRUE,TRUE,Both
1,12722,FALSE,TRUE,B only
1,12730,TRUE,TRUE,Both
1,12749,TRUE,TRUE,Both
1,12757,FALSE,TRUE,B only
1,12765,TRUE,TRUE,Both
1,12781,FALSE,TRUE,B only
1,12802,TRUE,TRUE,Both
1,12810,TRUE,TRUE,Both
1,12829,FALSE,TRUE,B only
1,12837,TRUE,TRUE,Both
1,12845,TRUE,TRUE,Both
1,12861,FALSE,TRUE,B only
1,12888,TRUE,TRUE,Both
1,12896,TRUE,TRUE,Both
1,12909,TRUE,TRUE,Both
1,12917,FALSE,TRUE,B only
1,12925,FALSE,TRUE,B only
1,12933,FALSE,FALSE,Neither
1,12941,TRUE,TRUE,Both
1,12976,TRUE,TRUE,Both
1,12984,TRUE,TRUE,Both
1,12992,TRUE,TRUE,Both
1,13004,FALSE,TRUE,B only
1,13012,TRUE,TRUE,Both
1,13047,TRUE,TRUE,Both
1,13055,FALSE,TRUE,B only
1,13063,TRUE,TRUE,Both
1,13071,TRUE,TRUE,Both
1,13098,TRUE,TRUE,Both
1,13100,TRUE,TRUE,Both
1,13119,TRUE,TRUE,Both
1,13127,FALSE,TRUE,B only
1,13143,TRUE,TRUE,Both
1,13151,TRUE,TRUE,Both
1,13178,TRUE,TRUE,Both
1,13194,FALSE,TRUE,B only
1,13207,TRUE,TRUE,Both
1,13215,TRUE,TRUE,Both
1,13258,TRUE,TRUE,Both
1,13274,TRUE,TRUE,Both
1,13282,FALSE,TRUE,B only
1,13290,TRUE,TRUE,Both
1,13303,FALSE,TRUE,B only
1,13311,TRUE,TRUE,Both
1,13338,FALSE,TRUE,B only
1,13354,TRUE,TRUE,Both
1,13362,FALSE,TRUE,B only
1,13370,TRUE,TRUE,Both
1,13389,TRUE,TRUE,Both
1,13418,FALSE,TRUE,B only
1,13426,FALSE,FALSE,Neither
1,13434,TRUE,TRUE,Both
1,13442,TRUE,TRUE,Both
1,13450,FALSE,TRUE,B only
1,13469,TRUE,TRUE,Both
1,13477,TRUE,TRUE,Both
1,13485,TRUE,TRUE,Both
1,13522,TRUE,TRUE,Both
1,13530,FALSE,TRUE,B only
1,13549,TRUE,TRUE,Both
1,13557,TRUE,TRUE,Both
1,13565,TRUE,TRUE,Both
1,13573,TRUE,TRUE,Both
1,13581,FALSE,TRUE,B only
1,13610,TRUE,TRUE,Both
1,13637,FALSE,TRUE,B only
1,13645,TRUE,TRUE,Both
1,13653,FALSE,TRUE,B only
1,13661,TRUE,TRUE,Both
1,13688,TRUE,TRUE,Both
1,13696,FALSE,FALSE,Neither
1,13725,FALSE,FALSE,Neither
1,13768,TRUE,TRUE,Both
1,13776,FALSE,TRUE,B only
1,13784,TRUE,TRUE,Both
1,13792,TRUE,TRUE,Both
1,13805,TRUE,TRUE,Both
1,13821,FALSE,TRUE,B only
1,13848,FALSE,TRUE,B only
1,13856,FALSE,TRUE,B only
1,13864,FALSE,TRUE,B only
1,13872,TRUE,TRUE,Both
1,13899,FALSE,FALSE,Neither
1,13901,FALSE,TRUE,B only
1,13928,TRUE,TRUE,Both
1,13936,FALSE,TRUE,B only
1,13944,FALSE,TRUE,B only
1,13960,FALSE,TRUE,B only
1,13979,TRUE,TRUE,Both
1,13987,FALSE,TRUE,B only
1,13995,FALSE,TRUE,B only
1,14007,TRUE,TRUE,Both
1,14058,TRUE,TRUE,Both
1,14066,TRUE,TRUE,Both
1,14082,TRUE,TRUE,Both
1,14090,TRUE,TRUE,Both
1,14154,TRUE,TRUE,Both
1,14170,FALSE,TRUE,B only
1,14189,TRUE,TRUE,Both
1,14197,FALSE,TRUE,B only
1,14218,TRUE,TRUE,Both
1,14250,TRUE,TRUE,Both
1,14269,TRUE,TRUE,Both
1,14285,TRUE,TRUE,Both
1,14293,TRUE,TRUE,Both
1,14306,FALSE,TRUE,B only
1,14314,TRUE,TRUE,Both
1,14322,TRUE,TRUE,Both
1,14349,TRUE,TRUE,Both
1,14357,TRUE,TRUE,Both
1,14373,TRUE,TRUE,Both
1,14402,TRUE,TRUE,Both
1,14410,TRUE,TRUE,Both
1,14429,TRUE,TRUE,Both
1,14437,TRUE,TRUE,Both
1,14445,TRUE,TRUE,Both
1,14453,TRUE,TRUE,Both
1,14461,TRUE,TRUE,Both
1,14488,TRUE,TRUE,Both
1,14496,TRUE,TRUE,Both
1,14509,TRUE,TRUE,Both
1,14517,FALSE,TRUE,B only
1,14525,TRUE,TRUE,Both
1,14533,TRUE,TRUE,Both
1,14541,TRUE,TRUE,Both
1,14568,TRUE,TRUE,Both
1,14592,TRUE,TRUE,Both
1,14605,TRUE,TRUE,Both
1,14613,TRUE,TRUE,Both
1,14621,TRUE,TRUE,Both
1,14656,FALSE,TRUE,B only
1,14664,TRUE,TRUE,Both
1,14672,TRUE,TRUE,Both
1,14680,TRUE,TRUE,Both
1,14699,TRUE,TRUE,Both
1,14701,FALSE,TRUE,B only
1,14728,FALSE,TRUE,B only
1,14736,TRUE,TRUE,Both
1,14744,FALSE,TRUE,B only
1,14760,TRUE,TRUE,Both
1,14779,TRUE,TRUE,Both
1,14787,TRUE,TRUE,Both
1,14795,TRUE,TRUE,Both
1,14816,FALSE,TRUE,B only
1,14824,TRUE,TRUE,Both
1,14832,FALSE,TRUE,B only
1,14840,FALSE,TRUE,B only
1,14859,TRUE,TRUE,Both
1,14867,TRUE,TRUE,Both
1,14875,FALSE,TRUE,B only
1,14883,TRUE,TRUE,Both
1,14891,TRUE,TRUE,Both
1,14904,TRUE,TRUE,Both
1,14912,TRUE,TRUE,Both
1,14920,FALSE,TRUE,B only
1,14955,TRUE,TRUE,Both
1,14971,FALSE,TRUE,B only
1,15018,FALSE,TRUE,B only
1,15026,FALSE,TRUE,B only
1,15034,FALSE,TRUE,B only
1,15042,TRUE,TRUE,Both
1,15050,TRUE,TRUE,Both
1,15069,TRUE,TRUE,Both
1,15077,TRUE,TRUE,Both
1,15085,TRUE,TRUE,Both
1,15093,TRUE,TRUE,Both
1,15106,TRUE,TRUE,Both
1,15114,TRUE,TRUE,Both
1,15122,TRUE,TRUE,Both
1,15130,FALSE,TRUE,B only
1,15149,TRUE,TRUE,Both
1,15157,TRUE,TRUE,Both
1,15165,FALSE,FALSE,Neither
1,15173,FALSE,TRUE,B only
1,15202,FALSE,TRUE,B only
1,15210,TRUE,TRUE,Both
1,15229,TRUE,TRUE,Both
1,15237,TRUE,TRUE,Both
1,15245,TRUE,TRUE,Both
1,15253,FALSE,TRUE,B only
1,15261,TRUE,TRUE,Both
1,15288,TRUE,TRUE,Both
1,15296,FALSE,FALSE,Neither
1,15317,TRUE,TRUE,Both
1,15325,TRUE,TRUE,Both
1,15333,FALSE,TRUE,B only
1,15341,TRUE,TRUE,Both
1,15368,TRUE,TRUE,Both
1,15376,TRUE,TRUE,Both
1,15384,FALSE,FALSE,Neither
1,15405,TRUE,TRUE,Both
1,15448,TRUE,TRUE,Both
1,15456,TRUE,TRUE,Both
1,15464,TRUE,TRUE,Both
1,15472,TRUE,TRUE,Both
1,15480,FALSE,TRUE,B only
1,15499,TRUE,TRUE,Both
1,15528,TRUE,TRUE,Both
1,15536,FALSE,FALSE,Neither
1,15544,FALSE,FALSE,Neither
1,15560,TRUE,TRUE,Both
1,15579,FALSE,FALSE,Neither
1,15587,FALSE,FALSE,Neither
1,15608,FALSE,FALSE,Neither
1,15624,FALSE,FALSE,Neither
1,15632,FALSE,FALSE,Neither
1,15659,FALSE,FALSE,Neither
1,15667,FALSE,FALSE,Neither
1,15675,FALSE,FALSE,Neither
1,15683,FALSE,FALSE,Neither
1,15691,FALSE,FALSE,Neither
1,15704,FALSE,FALSE,Neither
1,15712,FALSE,FALSE,Neither
1,15720,FALSE,FALSE,Neither
1,15739,FALSE,FALSE,Neither
1,15747,FALSE,FALSE,Neither
1,15755,TRUE,TRUE,Both
1,15763,FALSE,FALSE,Neither
1,15771,FALSE,FALSE,Neither
1,15798,FALSE,FALSE,Neither
1,15819,FALSE,FALSE,Neither
1,15827,FALSE,FALSE,Neither
1,15835,FALSE,FALSE,Neither
1,15843,FALSE,FALSE,Neither
1,15851,FALSE,FALSE,Neither
1,15907,FALSE,FALSE,Neither
1,15915,FALSE,FALSE,Neither
1,15923,FALSE,FALSE,Neither
1,15958,FALSE,FALSE,Neither
1,15966,FALSE,FALSE,Neither
1,15974,FALSE,FALSE,Neither
1,15982,FALSE,FALSE,Neither
1,15990,FALSE,FALSE,Neither
1,16029,FALSE,FALSE,Neither
1,16045,FALSE,FALSE,Neither
1,16053,FALSE,FALSE,Neither
1,16061,FALSE,FALSE,Neither
1,16088,FALSE,FALSE,Neither
1,16096,FALSE,FALSE,Neither
1,16109,TRUE,TRUE,Both
1,16117,FALSE,FALSE,Neither
1,16125,FALSE,FALSE,Neither
1,16133,FALSE,FALSE,Neither
1,16141,FALSE,FALSE,Neither
1,16168,FALSE,FALSE,Neither
1,16192,FALSE,FALSE,Neither
1,16205,FALSE,FALSE,Neither
1,16213,FALSE,FALSE,Neither
1,16248,FALSE,FALSE,Neither
1,16256,FALSE,FALSE,Neither
1,16264,FALSE,FALSE,Neither
1,16272,FALSE,FALSE,Neither
1,16280,TRUE,TRUE,Both
1,16299,FALSE,FALSE,Neither
1,16301,FALSE,FALSE,Neither
1,16328,FALSE,FALSE,Neither
1,16336,FALSE,FALSE,Neither
1,16344,FALSE,FALSE,Neither
1,16352,FALSE,FALSE,Neither
1,16360,FALSE,FALSE,Neither
1,16408,FALSE,FALSE,Neither
1,16424,FALSE,FALSE,Neither
1,16432,FALSE,FALSE,Neither
1,16512,FALSE,FALSE,Neither
1,16555,FALSE,FALSE,Neither
1,16563,FALSE,FALSE,Neither
1,16571,FALSE,FALSE,Neither
1,16598,FALSE,FALSE,Neither
1,16600,FALSE,FALSE,Neither
1,16619,FALSE,FALSE,Neither
1,16627,FALSE,FALSE,Neither
1,16643,FALSE,FALSE,Neither
1,16651,FALSE,FALSE,Neither
1,16678,FALSE,FALSE,Neither
1,16686,FALSE,FALSE,Neither
1,16707,FALSE,FALSE,Neither
1,16715,FALSE,FALSE,Neither
1,16723,FALSE,FALSE,Neither
1,16731,FALSE,FALSE,Neither
1,16758,FALSE,FALSE,Neither
1,16782,FALSE,FALSE,Neither
1,16790,FALSE,FALSE,Neither
1,16803,FALSE,FALSE,Neither
1,16838,FALSE,FALSE,Neither
1,16862,FALSE,FALSE,Neither
1,16870,FALSE,FALSE,Neither
1,16926,FALSE,FALSE,Neither
1,16934,FALSE,FALSE,Neither
1,16950,FALSE,FALSE,Neither
1,16969,FALSE,FALSE,Neither
1,16985,FALSE,FALSE,Neither
1,16993,FALSE,FALSE,Neither
1,17005,FALSE,FALSE,Neither
1,17013,FALSE,FALSE,Neither
1,17048,FALSE,FALSE,Neither
1,17056,FALSE,FALSE,Neither
1,17064,FALSE,FALSE,Neither
1,17072,FALSE,FALSE,Neither
1,17099,FALSE,FALSE,Neither
1,17101,FALSE,FALSE,Neither
1,17128,FALSE,FALSE,Neither
1,17144,FALSE,FALSE,Neither
1,17152,FALSE,FALSE,Neither
1,17160,FALSE,FALSE,Neither
1,17187,FALSE,FALSE,Neither
1,17208,FALSE,FALSE,Neither
1,17216,FALSE,FALSE,Neither
1,17224,FALSE,FALSE,Neither
1,17232,FALSE,FALSE,Neither
1,17240,FALSE,FALSE,Neither
1,17267,FALSE,FALSE,Neither
1,17291,FALSE,FALSE,Neither
1,17304,FALSE,FALSE,Neither
1,17312,FALSE,FALSE,Neither
1,17320,FALSE,FALSE,Neither
1,17339,FALSE,FALSE,Neither
1,17347,FALSE,FALSE,Neither
1,17398,FALSE,FALSE,Neither
1,17400,FALSE,FALSE,Neither
1,17419,FALSE,FALSE,Neither
1,17427,FALSE,FALSE,Neither
1,17435,FALSE,FALSE,Neither
1,17443,FALSE,FALSE,Neither
1,17451,FALSE,FALSE,Neither
1,17478,FALSE,FALSE,Neither
1,17486,FALSE,FALSE,Neither
1,17507,FALSE,TRUE,B only
1,17515,FALSE,FALSE,Neither
1,17523,FALSE,FALSE,Neither
1,17531,FALSE,FALSE,Neither
1,17558,FALSE,FALSE,Neither
1,17566,FALSE,FALSE,Neither
1,17582,FALSE,FALSE,Neither
1,17590,FALSE,FALSE,Neither
1,17603,FALSE,FALSE,Neither
1,17646,FALSE,FALSE,Neither
1,17654,FALSE,FALSE,Neither
1,17662,FALSE,FALSE,Neither
1,17670,FALSE,FALSE,Neither
1,17689,FALSE,FALSE,Neither
1,17697,FALSE,FALSE,Neither
1,17718,FALSE,FALSE,Neither
1,17726,FALSE,FALSE,Neither
1,17734,FALSE,FALSE,Neither
1,17742,FALSE,FALSE,Neither
1,17750,FALSE,FALSE,Neither
1,17777,FALSE,FALSE,Neither
1,17806,FALSE,FALSE,Neither
1,17814,FALSE,FALSE,Neither
1,17822,FALSE,FALSE,Neither
1,17830,FALSE,FALSE,Neither
1,17849,FALSE,FALSE,Neither
1,17857,FALSE,FALSE,Neither
1,17865,FALSE,FALSE,Neither
1,17873,FALSE,FALSE,Neither
1,17881,FALSE,FALSE,Neither
1,17902,FALSE,FALSE,Neither
1,17910,FALSE,FALSE,Neither
1,17929,FALSE,FALSE,Neither
1,17945,FALSE,FALSE,Neither
1,17953,FALSE,FALSE,Neither
1,17961,FALSE,FALSE,Neither
1,18008,FALSE,FALSE,Neither
1,18016,FALSE,FALSE,Neither
1,18024,FALSE,FALSE,Neither
1,18032,FALSE,FALSE,Neither
1,18040,FALSE,FALSE,Neither
1,18067,FALSE,FALSE,Neither
1,18075,FALSE,FALSE,Neither
1,18083,FALSE,FALSE,Neither
1,18091,FALSE,FALSE,Neither
1,18104,FALSE,FALSE,Neither
1,18112,FALSE,FALSE,Neither
1,18147,FALSE,FALSE,Neither
1,18155,FALSE,FALSE,Neither
1,18163,FALSE,FALSE,Neither
1,18171,FALSE,FALSE,Neither
1,18198,FALSE,FALSE,Neither
1,18200,FALSE,FALSE,Neither
1,18219,FALSE,FALSE,Neither
1,18227,FALSE,TRUE,B only
1,18235,FALSE,FALSE,Neither
1,18243,FALSE,FALSE,Neither
1,18251,FALSE,FALSE,Neither
1,18278,FALSE,FALSE,Neither
1,18286,FALSE,FALSE,Neither
1,18294,FALSE,FALSE,Neither
1,18315,FALSE,FALSE,Neither
1,18323,FALSE,FALSE,Neither
1,18331,FALSE,FALSE,Neither
1,18358,FALSE,FALSE,Neither
1,18366,FALSE,FALSE,Neither
1,18374,FALSE,FALSE,Neither
1,18382,FALSE,FALSE,Neither
1,18390,FALSE,FALSE,Neither
1,18403,FALSE,FALSE,Neither
1,18411,FALSE,FALSE,Neither
1,18438,FALSE,FALSE,Neither
1,18446,FALSE,FALSE,Neither
1,18454,FALSE,FALSE,Neither
1,18462,FALSE,FALSE,Neither
1,18489,FALSE,FALSE,Neither
1,18497,FALSE,FALSE,Neither
1,18518,FALSE,FALSE,Neither
1,18526,FALSE,FALSE,Neither
1,18534,FALSE,FALSE,Neither
1,18542,FALSE,FALSE,Neither
1,18550,FALSE,FALSE,Neither
1,18569,FALSE,FALSE,Neither
1,18585,FALSE,FALSE,Neither
1,18593,FALSE,TRUE,B only
1,18606,FALSE,FALSE,Neither
1,18614,FALSE,FALSE,Neither
1,18649,FALSE,FALSE,Neither
1,18657,FALSE,FALSE,Neither
1,18673,FALSE,FALSE,Neither
1,18681,FALSE,FALSE,Neither
1,18702,FALSE,FALSE,Neither
1,18710,FALSE,FALSE,Neither
1,18729,FALSE,FALSE,Neither
1,18745,FALSE,FALSE,Neither
1,18753,FALSE,FALSE,Neither
1,18788,FALSE,FALSE,Neither
1,18796,FALSE,FALSE,Neither
1,18809,FALSE,FALSE,Neither
1,18817,FALSE,FALSE,Neither
1,18825,FALSE,FALSE,Neither
1,18833,FALSE,FALSE,Neither
1,18841,FALSE,FALSE,Neither
1,18868,FALSE,FALSE,Neither
1,18876,FALSE,FALSE,Neither
1,18884,FALSE,FALSE,Neither
1,18892,FALSE,FALSE,Neither
1,18905,FALSE,FALSE,Neither
1,18921,FALSE,FALSE,Neither
1,18948,FALSE,FALSE,Neither
1,18972,FALSE,FALSE,Neither
1,18980,FALSE,FALSE,Neither
1,18999,FALSE,FALSE,Neither
1,19000,FALSE,FALSE,Neither
1,19019,FALSE,FALSE,Neither
1,19027,FALSE,FALSE,Neither
1,19035,FALSE,FALSE,Neither
1,19043,FALSE,FALSE,Neither
1,19051,FALSE,FALSE,Neither
1,19078,FALSE,FALSE,Neither
1,19086,FALSE,FALSE,Neither
1,19094,FALSE,FALSE,Neither
1,19107,FALSE,FALSE,Neither
1,19123,FALSE,FALSE,Neither
1,19131,FALSE,FALSE,Neither
1,19158,FALSE,FALSE,Neither
1,19166,FALSE,FALSE,Neither
1,19174,FALSE,FALSE,Neither
1,19182,FALSE,FALSE,Neither
1,19190,FALSE,FALSE,Neither
1,19203,FALSE,FALSE,Neither
1,19211,FALSE,FALSE,Neither
1,19238,FALSE,FALSE,Neither
1,19246,FALSE,FALSE,Neither
1,19254,FALSE,FALSE,Neither
1,19262,FALSE,FALSE,Neither
1,19270,FALSE,FALSE,Neither
1,19289,FALSE,FALSE,Neither
1,19297,FALSE,FALSE,Neither
1,19326,FALSE,FALSE,Neither
1,19334,FALSE,TRUE,B only
1,19342,FALSE,FALSE,Neither
1,19350,FALSE,FALSE,Neither
1,19369,FALSE,FALSE,Neither
1,19377,FALSE,FALSE,Neither
1,19385,FALSE,FALSE,Neither
1,19393,FALSE,FALSE,Neither
1,19406,FALSE,FALSE,Neither
1,19414,FALSE,FALSE,Neither
1,19422,FALSE,FALSE,Neither
1,19430,FALSE,FALSE,Neither
1,19457,FALSE,FALSE,Neither
1,19465,FALSE,FALSE,Neither
1,19473,TRUE,TRUE,Both
1,19502,FALSE,FALSE,Neither
1,19510,FALSE,FALSE,Neither
1,19529,FALSE,FALSE,Neither
1,19537,FALSE,FALSE,Neither
1,19545,FALSE,FALSE,Neither
1,19553,FALSE,FALSE,Neither
1,19561,FALSE,FALSE,Neither
1,19588,FALSE,FALSE,Neither
1,19596,FALSE,FALSE,Neither
1,19801,FALSE,FALSE,Neither
1,21215,FALSE,FALSE,Neither
1,21573,FALSE,FALSE,Neither
1,21717,FALSE,FALSE,Neither
1,24475,TRUE,TRUE,Both
1,24512,FALSE,FALSE,Neither
1,25435,TRUE,TRUE,Both
1,25486,TRUE,TRUE,Both
1,25566,FALSE,TRUE,B only
1,25822,FALSE,FALSE,Neither
1,26972,FALSE,FALSE,Neither
1,27561,TRUE,TRUE,Both
1,27692,TRUE,TRUE,Both
1,28513,TRUE,TRUE,Both
1,58368,TRUE,TRUE,Both
1,75471,FALSE,TRUE,B only
2,10006,TRUE,TRUE,Both
2,10014,TRUE,TRUE,Both
2,10022,FALSE,TRUE,B only
2,10030,TRUE,TRUE,Both
2,10057,TRUE,TRUE,Both
2,10102,TRUE,TRUE,Both
2,10137,TRUE,TRUE,Both
2,10145,TRUE,TRUE,Both
2,10153,TRUE,TRUE,Both
2,10161,TRUE,TRUE,Both
2,10188,TRUE,TRUE,Both
2,10196,TRUE,TRUE,Both
2,10209,FALSE,TRUE,B only
2,10217,TRUE,TRUE,Both
2,10225,TRUE,TRUE,Both
2,10233,TRUE,TRUE,Both
2,10241,TRUE,TRUE,Both
2,10268,TRUE,TRUE,Both
2,10276,FALSE,TRUE,B only
2,10284,FALSE,TRUE,B only
2,10292,FALSE,TRUE,B only
2,10313,TRUE,TRUE,Both
2,10321,TRUE,TRUE,Both
2,10364,TRUE,TRUE,Both
2,10372,TRUE,TRUE,Both
2,10401,TRUE,TRUE,Both
2,10428,TRUE,TRUE,Both
2,10436,TRUE,TRUE,Both
2,10444,FALSE,TRUE,B only
2,10452,TRUE,TRUE,Both
2,10460,TRUE,TRUE,Both
2,10479,FALSE,TRUE,B only
2,10487,TRUE,TRUE,Both
2,10495,TRUE,TRUE,Both
2,10516,TRUE,TRUE,Both
2,10524,TRUE,TRUE,Both
2,10532,TRUE,TRUE,Both
2,10559,TRUE,TRUE,Both
2,10575,TRUE,TRUE,Both
2,10591,TRUE,TRUE,Both
2,10604,TRUE,TRUE,Both
2,10612,TRUE,TRUE,Both
2,10620,FALSE,TRUE,B only
2,10639,FALSE,TRUE,B only
2,10647,TRUE,TRUE,Both
2,10671,TRUE,TRUE,Both
2,10698,TRUE,TRUE,Both
2,10719,TRUE,TRUE,Both
2,10727,FALSE,TRUE,B only
2,10735,TRUE,TRUE,Both
2,10743,TRUE,TRUE,Both
2,10751,TRUE,TRUE,Both
2,10778,TRUE,TRUE,Both
2,10786,TRUE,TRUE,Both
2,10807,TRUE,TRUE,Both
2,10823,TRUE,TRUE,Both
2,10858,TRUE,TRUE,Both
2,10866,TRUE,TRUE,Both
2,10874,TRUE,TRUE,Both
2,10890,TRUE,TRUE,Both
2,10911,TRUE,TRUE,Both
2,10938,TRUE,TRUE,Both
2,10954,TRUE,TRUE,Both
2,10970,TRUE,TRUE,Both
2,10989,TRUE,TRUE,Both
2,11017,TRUE,TRUE,Both
2,11033,TRUE,TRUE,Both
2,11068,TRUE,TRUE,Both
2,11076,FALSE,TRUE,B only
2,11084,FALSE,TRUE,B only
2,11092,TRUE,TRUE,Both
2,11105,TRUE,TRUE,Both
2,11113,TRUE,TRUE,Both
2,11148,TRUE,TRUE,Both
2,11156,TRUE,TRUE,Both
2,11164,TRUE,TRUE,Both
2,11180,FALSE,TRUE,B only
2,11199,TRUE,TRUE,Both
2,11201,TRUE,TRUE,Both
2,11228,TRUE,TRUE,Both
2,11244,FALSE,TRUE,B only
2,11252,TRUE,TRUE,Both
2,11260,TRUE,TRUE,Both
2,11287,TRUE,TRUE,Both
2,11295,TRUE,TRUE,Both
2,11308,TRUE,TRUE,Both
2,11316,FALSE,TRUE,B only
2,11332,FALSE,TRUE,B only
2,11340,TRUE,TRUE,Both
2,11359,TRUE,TRUE,Both
2,11367,TRUE,TRUE,Both
2,11375,TRUE,TRUE,Both
2,11391,FALSE,TRUE,B only
2,11404,TRUE,TRUE,Both
2,11439,TRUE,TRUE,Both
2,11447,TRUE,TRUE,Both
2,11455,TRUE,TRUE,Both
2,11463,TRUE,TRUE,Both
2,11471,TRUE,TRUE,Both
2,11498,FALSE,TRUE,B only
2,11500,TRUE,TRUE,Both
2,11527,TRUE,TRUE,Both
2,11543,TRUE,TRUE,Both
2,11607,TRUE,TRUE,Both
2,11658,TRUE,TRUE,Both
2,11666,TRUE,TRUE,Both
2,11674,TRUE,TRUE,Both
2,11690,TRUE,TRUE,Both
2,11703,TRUE,TRUE,Both
2,11746,TRUE,TRUE,Both
2,11754,TRUE,TRUE,Both
2,11762,TRUE,TRUE,Both
2,11770,TRUE,TRUE,Both
2,11789,TRUE,TRUE,Both
2,11797,FALSE,TRUE,B only
2,11826,TRUE,TRUE,Both
2,11834,TRUE,TRUE,Both
2,11842,TRUE,TRUE,Both
2,11850,TRUE,TRUE,Both
2,11877,TRUE,TRUE,Both
2,11885,TRUE,TRUE,Both
2,11906,TRUE,TRUE,Both
2,11914,TRUE,TRUE,Both
2,11922,TRUE,TRUE,Both
2,11949,TRUE,TRUE,Both
2,11981,TRUE,TRUE,Both
2,12001,TRUE,TRUE,Both
2,12036,TRUE,TRUE,Both
2,12044,TRUE,TRUE,Both
2,12052,TRUE,TRUE,Both
2,12060,TRUE,TRUE,Both
2,12079,TRUE,TRUE,Both
2,12087,TRUE,TRUE,Both
2,12095,TRUE,TRUE,Both
2,12108,TRUE,TRUE,Both
2,12124,TRUE,TRUE,Both
2,12132,TRUE,TRUE,Both
2,12140,TRUE,TRUE,Both
2,12159,TRUE,TRUE,Both
2,12167,TRUE,TRUE,Both
2,12183,TRUE,TRUE,Both
2,12191,TRUE,TRUE,Both
2,12204,FALSE,FALSE,Neither
2,12212,FALSE,TRUE,B only
2,12220,TRUE,TRUE,Both
2,12271,FALSE,TRUE,B only
2,12298,TRUE,TRUE,Both
2,12300,TRUE,TRUE,Both
2,12319,TRUE,TRUE,Both
2,12335,TRUE,TRUE,Both
2,12343,TRUE,TRUE,Both
2,12351,TRUE,TRUE,Both
2,12378,TRUE,TRUE,Both
2,12386,TRUE,TRUE,Both
2,12394,TRUE,TRUE,Both
2,12431,FALSE,TRUE,B only
2,12458,TRUE,TRUE,Both
2,12466,TRUE,TRUE,Both
2,12474,TRUE,TRUE,Both
2,12490,TRUE,TRUE,Both
2,12503,TRUE,TRUE,Both
2,12511,TRUE,TRUE,Both
2,12538,TRUE,TRUE,Both
2,12554,FALSE,TRUE,B only
2,12562,TRUE,TRUE,Both
2,12570,TRUE,TRUE,Both
2,12618,FALSE,TRUE,B only
2,12626,TRUE,TRUE,Both
2,12650,FALSE,TRUE,B only
2,12669,TRUE,TRUE,Both
2,12706,TRUE,TRUE,Both
2,12722,FALSE,TRUE,B only
2,12730,TRUE,TRUE,Both
2,12749,TRUE,TRUE,Both
2,12757,TRUE,TRUE,Both
2,12765,TRUE,TRUE,Both
2,12781,FALSE,TRUE,B only
2,12802,TRUE,TRUE,Both
2,12810,TRUE,TRUE,Both
2,12829,TRUE,TRUE,Both
2,12837,TRUE,TRUE,Both
2,12845,TRUE,TRUE,Both
2,12861,FALSE,TRUE,B only
2,12888,TRUE,TRUE,Both
2,12896,TRUE,TRUE,Both
2,12909,TRUE,TRUE,Both
2,12933,TRUE,TRUE,Both
2,12941,TRUE,TRUE,Both
2,12976,TRUE,TRUE,Both
2,12984,TRUE,TRUE,Both
2,13004,FALSE,TRUE,B only
2,13012,TRUE,TRUE,Both
2,13047,TRUE,TRUE,Both
2,13055,TRUE,TRUE,Both
2,13063,TRUE,TRUE,Both
2,13100,TRUE,TRUE,Both
2,13119,TRUE,TRUE,Both
2,13143,TRUE,TRUE,Both
2,13151,TRUE,TRUE,Both
2,13178,TRUE,TRUE,Both
2,13207,TRUE,TRUE,Both
2,13215,TRUE,TRUE,Both
2,13274,TRUE,TRUE,Both
2,13282,TRUE,TRUE,Both
2,13290,TRUE,TRUE,Both
2,13303,TRUE,TRUE,Both
2,13311,TRUE,TRUE,Both
2,13338,FALSE,TRUE,B only
2,13354,TRUE,TRUE,Both
2,13362,TRUE,TRUE,Both
2,13370,TRUE,TRUE,Both
2,13389,TRUE,TRUE,Both
2,13418,FALSE,TRUE,B only
2,13434,TRUE,TRUE,Both
2,13442,TRUE,TRUE,Both
2,13450,FALSE,TRUE,B only
2,13469,TRUE,TRUE,Both
2,13477,TRUE,TRUE,Both
2,13485,TRUE,TRUE,Both
2,13522,TRUE,TRUE,Both
2,13549,TRUE,TRUE,Both
2,13557,TRUE,TRUE,Both
2,13565,TRUE,TRUE,Both
2,13573,TRUE,TRUE,Both
2,13581,TRUE,TRUE,Both
2,13610,TRUE,TRUE,Both
2,13637,TRUE,TRUE,Both
2,13645,TRUE,TRUE,Both
2,13653,FALSE,TRUE,B only
2,13661,TRUE,TRUE,Both
2,13688,TRUE,TRUE,Both
2,13696,FALSE,TRUE,B only
2,13725,FALSE,TRUE,B only
2,13768,TRUE,TRUE,Both
2,13776,TRUE,TRUE,Both
2,13784,TRUE,TRUE,Both
2,13792,TRUE,TRUE,Both
2,13805,TRUE,TRUE,Both
2,13821,TRUE,TRUE,Both
2,13848,FALSE,TRUE,B only
2,13856,TRUE,TRUE,Both
2,13864,FALSE,TRUE,B only
2,13872,TRUE,TRUE,Both
2,13899,FALSE,FALSE,Neither
2,13901,FALSE,TRUE,B only
2,13928,TRUE,TRUE,Both
2,13936,FALSE,TRUE,B only
2,13944,TRUE,TRUE,Both
2,13987,FALSE,TRUE,B only
2,14058,TRUE,TRUE,Both
2,14066,TRUE,TRUE,Both
2,14082,TRUE,TRUE,Both
2,14090,TRUE,TRUE,Both
2,14154,TRUE,TRUE,Both
2,14189,TRUE,TRUE,Both
2,14197,FALSE,TRUE,B only
2,14218,TRUE,TRUE,Both
2,14250,TRUE,TRUE,Both
2,14269,TRUE,TRUE,Both
2,14285,TRUE,TRUE,Both
2,14293,TRUE,TRUE,Both
2,14306,TRUE,TRUE,Both
2,14314,TRUE,TRUE,Both
2,14322,TRUE,TRUE,Both
2,14349,TRUE,TRUE,Both
2,14357,TRUE,TRUE,Both
2,14373,FALSE,TRUE,B only
2,14402,TRUE,TRUE,Both
2,14410,TRUE,TRUE,Both
2,14429,TRUE,TRUE,Both
2,14437,TRUE,TRUE,Both
2,14445,TRUE,TRUE,Both
2,14453,TRUE,TRUE,Both
2,14461,TRUE,TRUE,Both
2,14488,TRUE,TRUE,Both
2,14496,TRUE,TRUE,Both
2,14509,TRUE,TRUE,Both
2,14517,TRUE,TRUE,Both
2,14525,TRUE,TRUE,Both
2,14533,TRUE,TRUE,Both
2,14541,TRUE,TRUE,Both
2,14568,TRUE,TRUE,Both
2,14592,TRUE,TRUE,Both
2,14605,TRUE,TRUE,Both
2,14613,TRUE,TRUE,Both
2,14656,FALSE,TRUE,B only
2,14664,TRUE,TRUE,Both
2,14672,TRUE,TRUE,Both
2,14680,TRUE,TRUE,Both
2,14699,TRUE,TRUE,Both
2,14701,TRUE,TRUE,Both
2,14728,TRUE,TRUE,Both
2,14736,TRUE,TRUE,Both
2,14744,TRUE,TRUE,Both
2,14760,TRUE,TRUE,Both
2,14779,TRUE,TRUE,Both
2,14787,TRUE,TRUE,Both
2,14795,TRUE,TRUE,Both
2,14816,TRUE,TRUE,Both
2,14824,TRUE,TRUE,Both
2,14832,TRUE,TRUE,Both
2,14840,FALSE,TRUE,B only
2,14859,TRUE,TRUE,Both
2,14867,TRUE,TRUE,Both
2,14875,TRUE,TRUE,Both
2,14883,TRUE,TRUE,Both
2,14891,TRUE,TRUE,Both
2,14904,TRUE,TRUE,Both
2,14912,TRUE,TRUE,Both
2,14920,FALSE,TRUE,B only
2,14955,TRUE,TRUE,Both
2,14971,TRUE,TRUE,Both
2,15018,TRUE,TRUE,Both
2,15034,TRUE,TRUE,Both
2,15042,TRUE,TRUE,Both
2,15050,TRUE,TRUE,Both
2,15069,TRUE,TRUE,Both
2,15077,TRUE,TRUE,Both
2,15085,TRUE,TRUE,Both
2,15093,TRUE,TRUE,Both
2,15106,TRUE,TRUE,Both
2,15114,TRUE,TRUE,Both
2,15149,TRUE,TRUE,Both
2,15157,TRUE,TRUE,Both
2,15165,TRUE,TRUE,Both
2,15173,FALSE,TRUE,B only
2,15202,TRUE,TRUE,Both
2,15210,TRUE,TRUE,Both
2,15229,TRUE,TRUE,Both
2,15237,TRUE,TRUE,Both
2,15245,TRUE,TRUE,Both
2,15253,TRUE,TRUE,Both
2,15261,TRUE,TRUE,Both
2,15288,TRUE,TRUE,Both
2,15296,FALSE,TRUE,B only
2,15317,TRUE,TRUE,Both
2,15325,TRUE,TRUE,Both
2,15333,FALSE,TRUE,B only
2,15341,TRUE,TRUE,Both
2,15368,TRUE,TRUE,Both
2,15376,TRUE,TRUE,Both
2,15384,FALSE,FALSE,Neither
2,15405,TRUE,TRUE,Both
2,15448,TRUE,TRUE,Both
2,15456,TRUE,TRUE,Both
2,15464,TRUE,TRUE,Both
2,15472,FALSE,TRUE,B only
2,15480,FALSE,TRUE,B only
2,15499,TRUE,TRUE,Both
2,15528,TRUE,TRUE,Both
2,15536,TRUE,TRUE,Both
2,15544,TRUE,TRUE,Both
2,15560,TRUE,TRUE,Both
2,15579,FALSE,TRUE,B only
2,15587,TRUE,TRUE,Both
2,15608,FALSE,TRUE,B only
2,15624,TRUE,TRUE,Both
2,15659,TRUE,TRUE,Both
2,15667,TRUE,TRUE,Both
2,15675,TRUE,TRUE,Both
2,15691,TRUE,TRUE,Both
2,15704,TRUE,TRUE,Both
2,15712,TRUE,TRUE,Both
2,15720,TRUE,TRUE,Both
2,15739,TRUE,TRUE,Both
2,15747,FALSE,TRUE,B only
2,15755,TRUE,TRUE,Both
2,15763,FALSE,TRUE,B only
2,15771,TRUE,TRUE,Both
2,15798,FALSE,TRUE,B only
2,15819,TRUE,TRUE,Both
2,15827,TRUE,TRUE,Both
2,15835,TRUE,TRUE,Both
2,15843,TRUE,TRUE,Both
2,15851,TRUE,TRUE,Both
2,15907,TRUE,TRUE,Both
2,15915,TRUE,TRUE,Both
2,15923,FALSE,FALSE,Neither
2,15966,TRUE,TRUE,Both
2,15974,TRUE,TRUE,Both
2,15990,TRUE,TRUE,Both
2,16029,FALSE,TRUE,B only
2,16053,TRUE,TRUE,Both
2,16061,FALSE,TRUE,B only
2,16088,TRUE,TRUE,Both
2,16096,TRUE,TRUE,Both
2,16109,TRUE,TRUE,Both
2,16117,FALSE,TRUE,B only
2,16125,TRUE,TRUE,Both
2,16141,TRUE,TRUE,Both
2,16168,FALSE,TRUE,B only
2,16192,TRUE,TRUE,Both
2,16205,TRUE,TRUE,Both
2,16248,TRUE,TRUE,Both
2,16256,TRUE,TRUE,Both
2,16264,TRUE,TRUE,Both
2,16272,FALSE,TRUE,B only
2,16280,TRUE,TRUE,Both
2,16299,FALSE,TRUE,B only
2,16301,TRUE,TRUE,Both
2,16328,TRUE,TRUE,Both
2,16336,TRUE,TRUE,Both
2,16344,TRUE,TRUE,Both
2,16352,TRUE,TRUE,Both
2,16360,TRUE,TRUE,Both
2,16408,FALSE,FALSE,Neither
2,16424,TRUE,TRUE,Both
2,16432,TRUE,TRUE,Both
2,16512,FALSE,TRUE,B only
2,16555,TRUE,TRUE,Both
2,16571,TRUE,TRUE,Both
2,16598,TRUE,TRUE,Both
2,16600,FALSE,TRUE,B only
2,16619,TRUE,TRUE,Both
2,16627,TRUE,TRUE,Both
2,16643,TRUE,TRUE,Both
2,16651,TRUE,TRUE,Both
2,16678,TRUE,TRUE,Both
2,16686,TRUE,TRUE,Both
2,16707,TRUE,TRUE,Both
2,16715,TRUE,TRUE,Both
2,16723,TRUE,TRUE,Both
2,16731,FALSE,TRUE,B only
2,16758,TRUE,TRUE,Both
2,16782,FALSE,TRUE,B only
2,16790,TRUE,TRUE,Both
2,16803,TRUE,TRUE,Both
2,16838,TRUE,TRUE,Both
2,16862,TRUE,TRUE,Both
2,16870,TRUE,TRUE,Both
2,16926,TRUE,TRUE,Both
2,16934,TRUE,TRUE,Both
2,16950,FALSE,TRUE,B only
2,16969,TRUE,TRUE,Both
2,16985,TRUE,TRUE,Both
2,16993,TRUE,TRUE,Both
2,17005,FALSE,TRUE,B only
2,17013,TRUE,TRUE,Both
2,17048,TRUE,TRUE,Both
2,17056,TRUE,TRUE,Both
2,17064,TRUE,TRUE,Both
2,17072,TRUE,TRUE,Both
2,17099,TRUE,TRUE,Both
2,17101,TRUE,TRUE,Both
2,17128,TRUE,TRUE,Both
2,17144,TRUE,TRUE,Both
2,17152,TRUE,TRUE,Both
2,17160,TRUE,TRUE,Both
2,17208,FALSE,TRUE,B only
2,17216,TRUE,TRUE,Both
2,17224,FALSE,TRUE,B only
2,17232,TRUE,TRUE,Both
2,17240,TRUE,TRUE,Both
2,17267,TRUE,TRUE,Both
2,17291,FALSE,TRUE,B only
2,17304,TRUE,TRUE,Both
2,17312,FALSE,TRUE,B only
2,17320,TRUE,TRUE,Both
2,17339,TRUE,TRUE,Both
2,17347,TRUE,TRUE,Both
2,17398,FALSE,TRUE,B only
2,17400,TRUE,TRUE,Both
2,17419,FALSE,TRUE,B only
2,17427,TRUE,TRUE,Both
2,17435,TRUE,TRUE,Both
2,17443,TRUE,TRUE,Both
2,17451,TRUE,TRUE,Both
2,17478,TRUE,TRUE,Both
2,17486,TRUE,TRUE,Both
2,17507,TRUE,TRUE,Both
2,17515,FALSE,TRUE,B only
2,17523,TRUE,TRUE,Both
2,17531,FALSE,TRUE,B only
2,17558,TRUE,TRUE,Both
2,17566,TRUE,TRUE,Both
2,17582,TRUE,TRUE,Both
2,17590,TRUE,TRUE,Both
2,17603,TRUE,TRUE,Both
2,17646,FALSE,TRUE,B only
2,17654,TRUE,TRUE,Both
2,17662,TRUE,TRUE,Both
2,17670,TRUE,TRUE,Both
2,17689,TRUE,TRUE,Both
2,17697,TRUE,TRUE,Both
2,17718,TRUE,TRUE,Both
2,17726,TRUE,TRUE,Both
2,17734,TRUE,TRUE,Both
2,17742,TRUE,TRUE,Both
2,17750,TRUE,TRUE,Both
2,17777,FALSE,TRUE,B only
2,17806,TRUE,TRUE,Both
2,17814,TRUE,TRUE,Both
2,17822,FALSE,TRUE,B only
2,17830,TRUE,TRUE,Both
2,17849,TRUE,TRUE,Both
2,17857,TRUE,TRUE,Both
2,17865,FALSE,TRUE,B only
2,17873,FALSE,TRUE,B only
2,17881,TRUE,TRUE,Both
2,17902,FALSE,TRUE,B only
2,17910,TRUE,TRUE,Both
2,17929,TRUE,TRUE,Both
2,17945,FALSE,TRUE,B only
2,17953,TRUE,TRUE,Both
2,17961,TRUE,TRUE,Both
2,18008,TRUE,TRUE,Both
2,18016,TRUE,TRUE,Both
2,18024,FALSE,TRUE,B only
2,18032,FALSE,TRUE,B only
2,18040,TRUE,TRUE,Both
2,18067,TRUE,TRUE,Both
2,18075,TRUE,TRUE,Both
2,18083,TRUE,TRUE,Both
2,18091,TRUE,TRUE,Both
2,18104,FALSE,FALSE,Neither
2,18112,TRUE,TRUE,Both
2,18147,FALSE,TRUE,B only
2,18155,FALSE,TRUE,B only
2,18163,TRUE,TRUE,Both
2,18171,TRUE,TRUE,Both
2,18198,TRUE,TRUE,Both
2,18200,TRUE,TRUE,Both
2,18227,FALSE,TRUE,B only
2,18235,FALSE,TRUE,B only
2,18243,TRUE,TRUE,Both
2,18251,TRUE,TRUE,Both
2,18278,TRUE,TRUE,Both
2,18286,TRUE,TRUE,Both
2,18294,FALSE,TRUE,B only
2,18315,TRUE,TRUE,Both
2,18323,FALSE,TRUE,B only
2,18331,TRUE,TRUE,Both
2,18358,TRUE,TRUE,Both
2,18366,FALSE,TRUE,B only
2,18374,TRUE,TRUE,Both
2,18382,TRUE,TRUE,Both
2,18390,TRUE,TRUE,Both
2,18403,TRUE,TRUE,Both
2,18411,TRUE,TRUE,Both
2,18438,FALSE,TRUE,B only
2,18446,TRUE,TRUE,Both
2,18454,TRUE,TRUE,Both
2,18462,TRUE,TRUE,Both
2,18489,FALSE,FALSE,Neither
2,18518,TRUE,TRUE,Both
2,18526,FALSE,TRUE,B only
2,18534,TRUE,TRUE,Both
2,18542,TRUE,TRUE,Both
2,18550,TRUE,TRUE,Both
2,18569,TRUE,TRUE,Both
2,18585,TRUE,TRUE,Both
2,18606,FALSE,FALSE,Neither
2,18614,FALSE,TRUE,B only
2,18649,FALSE,FALSE,Neither
2,18657,FALSE,FALSE,Neither
2,18673,FALSE,FALSE,Neither
2,18681,FALSE,FALSE,Neither
2,18702,FALSE,FALSE,Neither
2,18710,FALSE,FALSE,Neither
2,18729,FALSE,FALSE,Neither
2,18745,FALSE,FALSE,Neither
2,18788,FALSE,FALSE,Neither
2,18796,FALSE,FALSE,Neither
2,18817,FALSE,FALSE,Neither
2,18825,FALSE,FALSE,Neither
2,18833,FALSE,FALSE,Neither
2,18841,FALSE,FALSE,Neither
2,18868,TRUE,TRUE,Both
2,18876,FALSE,FALSE,Neither
2,18884,FALSE,FALSE,Neither
2,18905,FALSE,FALSE,Neither
2,18921,FALSE,FALSE,Neither
2,18948,FALSE,FALSE,Neither
2,18972,FALSE,FALSE,Neither
2,18980,FALSE,FALSE,Neither
2,18999,FALSE,FALSE,Neither
2,19000,FALSE,FALSE,Neither
2,19019,FALSE,FALSE,Neither
2,19027,FALSE,FALSE,Neither
2,19035,FALSE,FALSE,Neither
2,19043,FALSE,FALSE,Neither
2,19051,FALSE,FALSE,Neither
2,19078,FALSE,FALSE,Neither
2,19086,FALSE,FALSE,Neither
2,19094,FALSE,FALSE,Neither
2,19107,FALSE,FALSE,Neither
2,19131,FALSE,FALSE,Neither
2,19158,FALSE,FALSE,Neither
2,19166,FALSE,FALSE,Neither
2,19174,FALSE,FALSE,Neither
2,19190,FALSE,FALSE,Neither
2,19203,FALSE,FALSE,Neither
2,19211,FALSE,FALSE,Neither
2,19238,FALSE,FALSE,Neither
2,19254,FALSE,FALSE,Neither
2,19262,FALSE,FALSE,Neither
2,19270,FALSE,FALSE,Neither
2,19289,FALSE,FALSE,Neither
2,19297,FALSE,FALSE,Neither
2,19326,FALSE,FALSE,Neither
2,19334,TRUE,TRUE,Both
2,19342,FALSE,FALSE,Neither
2,19350,FALSE,FALSE,Neither
2,19369,FALSE,FALSE,Neither
2,19377,FALSE,FALSE,Neither
2,19385,FALSE,FALSE,Neither
2,19393,FALSE,FALSE,Neither
2,19406,FALSE,FALSE,Neither
2,19414,FALSE,FALSE,Neither
2,19422,FALSE,FALSE,Neither
2,19430,FALSE,FALSE,Neither
2,19473,FALSE,TRUE,B only
2,19502,FALSE,FALSE,Neither
2,19510,FALSE,FALSE,Neither
2,19537,FALSE,FALSE,Neither
2,19545,FALSE,FALSE,Neither
2,19553,FALSE,FALSE,Neither
2,19561,FALSE,FALSE,Neither
2,19588,FALSE,FALSE,Neither
2,19596,FALSE,FALSE,Neither
2,19609,FALSE,FALSE,Neither
2,19617,FALSE,FALSE,Neither
2,19625,FALSE,FALSE,Neither
2,19633,FALSE,FALSE,Neither
2,19641,FALSE,FALSE,Neither
2,19668,FALSE,FALSE,Neither
2,19676,FALSE,FALSE,Neither
2,19684,FALSE,FALSE,Neither
2,19692,FALSE,FALSE,Neither
2,19705,FALSE,FALSE,Neither
2,19713,FALSE,FALSE,Neither
2,19721,FALSE,FALSE,Neither
2,19748,FALSE,FALSE,Neither
2,19756,FALSE,FALSE,Neither
2,19764,FALSE,FALSE,Neither
2,19772,FALSE,FALSE,Neither
2,19780,FALSE,FALSE,Neither
2,19799,FALSE,FALSE,Neither
2,19801,TRUE,TRUE,Both
2,19828,FALSE,FALSE,Neither
2,19836,FALSE,FALSE,Neither
2,19844,FALSE,FALSE,Neither
2,19852,FALSE,FALSE,Neither
2,19860,FALSE,FALSE,Neither
2,19879,FALSE,FALSE,Neither
2,19887,FALSE,FALSE,Neither
2,19895,FALSE,FALSE,Neither
2,19908,FALSE,FALSE,Neither
2,19924,FALSE,FALSE,Neither
2,19932,FALSE,FALSE,Neither
2,19940,FALSE,FALSE,Neither
2,19959,FALSE,FALSE,Neither
2,19967,FALSE,FALSE,Neither
2,19975,FALSE,FALSE,Neither
2,19983,FALSE,FALSE,Neither
2,19991,FALSE,FALSE,Neither
2,20001,FALSE,FALSE,Neither
2,20028,FALSE,FALSE,Neither
2,20036,FALSE,FALSE,Neither
2,20044,FALSE,FALSE,Neither
2,20052,FALSE,FALSE,Neither
2,20060,FALSE,FALSE,Neither
2,20079,FALSE,FALSE,Neither
2,20087,FALSE,FALSE,Neither
2,20095,FALSE,FALSE,Neither
2,20108,FALSE,FALSE,Neither
2,20116,FALSE,FALSE,Neither
2,20124,FALSE,FALSE,Neither
2,20132,FALSE,FALSE,Neither
2,20140,FALSE,FALSE,Neither
2,20159,FALSE,FALSE,Neither
2,20167,FALSE,FALSE,Neither
2,20175,FALSE,FALSE,Neither
2,20183,FALSE,FALSE,Neither
2,20204,FALSE,FALSE,Neither
2,20212,FALSE,FALSE,Neither
2,20220,FALSE,FALSE,Neither
2,20239,FALSE,FALSE,Neither
2,20247,FALSE,FALSE,Neither
2,20255,FALSE,FALSE,Neither
2,20263,FALSE,FALSE,Neither
2,20271,FALSE,FALSE,Neither
2,20298,FALSE,FALSE,Neither
2,20300,FALSE,FALSE,Neither
2,20319,FALSE,FALSE,Neither
2,20327,FALSE,FALSE,Neither
2,20335,FALSE,FALSE,Neither
2,20343,FALSE,FALSE,Neither
2,20351,FALSE,FALSE,Neither
2,20378,FALSE,FALSE,Neither
2,20386,FALSE,FALSE,Neither
2,20394,FALSE,FALSE,Neither
2,20407,FALSE,FALSE,Neither
2,20415,FALSE,FALSE,Neither
2,20423,FALSE,FALSE,Neither
2,20431,FALSE,FALSE,Neither
2,20458,FALSE,FALSE,Neither
2,20466,FALSE,FALSE,Neither
2,20474,FALSE,FALSE,Neither
2,20482,FALSE,FALSE,Neither
2,20490,FALSE,FALSE,Neither
2,20503,FALSE,FALSE,Neither
2,20511,FALSE,FALSE,Neither
2,20538,FALSE,FALSE,Neither
2,20546,FALSE,FALSE,Neither
2,20554,FALSE,FALSE,Neither
2,20562,FALSE,FALSE,Neither
2,20570,FALSE,FALSE,Neither
2,20589,FALSE,FALSE,Neither
2,20597,FALSE,FALSE,Neither
2,20618,FALSE,FALSE,Neither
2,20626,FALSE,FALSE,Neither
2,20634,FALSE,FALSE,Neither
2,20642,FALSE,FALSE,Neither
2,20650,FALSE,FALSE,Neither
2,20669,FALSE,FALSE,Neither
2,20677,FALSE,FALSE,Neither
2,20685,FALSE,FALSE,Neither
2,20693,FALSE,FALSE,Neither
2,20706,FALSE,FALSE,Neither
2,20714,FALSE,FALSE,Neither
2,20722,FALSE,FALSE,Neither
2,20730,FALSE,FALSE,Neither
2,20749,FALSE,FALSE,Neither
2,20757,FALSE,FALSE,Neither
2,20765,FALSE,FALSE,Neither
2,20773,FALSE,FALSE,Neither
2,20781,FALSE,FALSE,Neither
2,20802,FALSE,FALSE,Neither
2,20810,FALSE,FALSE,Neither
2,20829,FALSE,FALSE,Neither
2,20837,FALSE,FALSE,Neither
2,20845,FALSE,FALSE,Neither
2,20853,FALSE,FALSE,Neither
2,20861,FALSE,FALSE,Neither
2,20888,FALSE,FALSE,Neither
2,20909,FALSE,FALSE,Neither
2,20917,FALSE,FALSE,Neither
2,20925,FALSE,FALSE,Neither
2,20933,FALSE,FALSE,Neither
2,20941,FALSE,FALSE,Neither
2,20968,FALSE,FALSE,Neither
2,20976,FALSE,FALSE,Neither
2,20984,FALSE,FALSE,Neither
2,21215,TRUE,TRUE,Both
2,21573,TRUE,TRUE,Both
2,21717,FALSE,FALSE,Neither
2,24475,TRUE,TRUE,Both
2,24512,FALSE,FALSE,Neither
2,25435,TRUE,TRUE,Both
2,25486,TRUE,TRUE,Both
2,25566,TRUE,TRUE,Both
2,25822,TRUE,TRUE,Both
2,26972,FALSE,TRUE,B only
2,27561,TRUE,TRUE,Both
2,27692,TRUE,TRUE,Both
2,28281,FALSE,FALSE,Neither
2,28513,TRUE,TRUE,Both
2,58368,TRUE,TRUE,Both
2,75471,FALSE,TRUE,B only
2,86239,FALSE,FALSE,Neither
3,10006,TRUE,TRUE,Both
3,10014,TRUE,TRUE,Both
3,10022,TRUE,TRUE,Both
3,10030,TRUE,TRUE,Both
3,10057,TRUE,TRUE,Both
3,10102,TRUE,TRUE,Both
3,10137,TRUE,TRUE,Both
3,10145,TRUE,TRUE,Both
3,10153,TRUE,TRUE,Both
3,10161,TRUE,TRUE,Both
3,10188,TRUE,TRUE,Both
3,10196,TRUE,TRUE,Both
3,10209,FALSE,TRUE,B only
3,10217,TRUE,TRUE,Both
3,10225,TRUE,TRUE,Both
3,10233,TRUE,TRUE,Both
3,10241,TRUE,TRUE,Both
3,10268,TRUE,TRUE,Both
3,10276,TRUE,TRUE,Both
3,10292,FALSE,TRUE,B only
3,10313,TRUE,TRUE,Both
3,10321,TRUE,TRUE,Both
3,10364,TRUE,TRUE,Both
3,10372,TRUE,TRUE,Both
3,10401,TRUE,TRUE,Both
3,10428,TRUE,TRUE,Both
3,10436,TRUE,TRUE,Both
3,10444,TRUE,TRUE,Both
3,10452,TRUE,TRUE,Both
3,10460,TRUE,TRUE,Both
3,10479,TRUE,TRUE,Both
3,10487,TRUE,TRUE,Both
3,10495,TRUE,TRUE,Both
3,10516,TRUE,TRUE,Both
3,10524,TRUE,TRUE,Both
3,10532,TRUE,TRUE,Both
3,10559,TRUE,TRUE,Both
3,10575,TRUE,TRUE,Both
3,10591,TRUE,TRUE,Both
3,10604,TRUE,TRUE,Both
3,10612,TRUE,TRUE,Both
3,10620,TRUE,TRUE,Both
3,10639,TRUE,TRUE,Both
3,10647,TRUE,TRUE,Both
3,10671,TRUE,TRUE,Both
3,10698,TRUE,TRUE,Both
3,10719,TRUE,TRUE,Both
3,10727,TRUE,TRUE,Both
3,10735,TRUE,TRUE,Both
3,10743,TRUE,TRUE,Both
3,10751,TRUE,TRUE,Both
3,10778,TRUE,TRUE,Both
3,10786,TRUE,TRUE,Both
3,10807,TRUE,TRUE,Both
3,10823,TRUE,TRUE,Both
3,10858,TRUE,TRUE,Both
3,10866,TRUE,TRUE,Both
3,10874,TRUE,TRUE,Both
3,10890,TRUE,TRUE,Both
3,10911,TRUE,TRUE,Both
3,10938,TRUE,TRUE,Both
3,10954,TRUE,TRUE,Both
3,10970,TRUE,TRUE,Both
3,10989,TRUE,TRUE,Both
3,11017,TRUE,TRUE,Both
3,11033,TRUE,TRUE,Both
3,11068,FALSE,TRUE,B only
3,11076,FALSE,TRUE,B only
3,11084,TRUE,TRUE,Both
3,11092,TRUE,TRUE,Both
3,11105,TRUE,TRUE,Both
3,11113,TRUE,TRUE,Both
3,11148,TRUE,TRUE,Both
3,11156,TRUE,TRUE,Both
3,11164,TRUE,TRUE,Both
3,11244,FALSE,TRUE,B only
3,11252,TRUE,TRUE,Both
3,11260,TRUE,TRUE,Both
3,11287,TRUE,TRUE,Both
3,11295,TRUE,TRUE,Both
3,11308,TRUE,TRUE,Both
3,11316,TRUE,TRUE,Both
3,11332,TRUE,TRUE,Both
3,11340,TRUE,TRUE,Both
3,11359,TRUE,TRUE,Both
3,11367,TRUE,TRUE,Both
3,11375,TRUE,TRUE,Both
3,11391,TRUE,TRUE,Both
3,11404,TRUE,TRUE,Both
3,11439,TRUE,TRUE,Both
3,11447,TRUE,TRUE,Both
3,11455,TRUE,TRUE,Both
3,11463,TRUE,TRUE,Both
3,11471,TRUE,TRUE,Both
3,11498,TRUE,TRUE,Both
3,11500,TRUE,TRUE,Both
3,11527,TRUE,TRUE,Both
3,11543,TRUE,TRUE,Both
3,11607,TRUE,TRUE,Both
3,11658,TRUE,TRUE,Both
3,11666,TRUE,TRUE,Both
3,11674,TRUE,TRUE,Both
3,11690,TRUE,TRUE,Both
3,11703,TRUE,TRUE,Both
3,11746,TRUE,TRUE,Both
3,11754,TRUE,TRUE,Both
3,11762,TRUE,TRUE,Both
3,11770,TRUE,TRUE,Both
3,11789,TRUE,TRUE,Both
3,11826,TRUE,TRUE,Both
3,11834,TRUE,TRUE,Both
3,11842,TRUE,TRUE,Both
3,11850,TRUE,TRUE,Both
3,11877,TRUE,TRUE,Both
3,11885,TRUE,TRUE,Both
3,11906,TRUE,TRUE,Both
3,11914,TRUE,TRUE,Both
3,11922,TRUE,TRUE,Both
3,11949,TRUE,TRUE,Both
3,11981,TRUE,TRUE,Both
3,12001,TRUE,TRUE,Both
3,12036,TRUE,TRUE,Both
3,12044,TRUE,TRUE,Both
3,12052,TRUE,TRUE,Both
3,12060,TRUE,TRUE,Both
3,12079,TRUE,TRUE,Both
3,12087,TRUE,TRUE,Both
3,12095,TRUE,TRUE,Both
3,12108,TRUE,TRUE,Both
3,12124,TRUE,TRUE,Both
3,12132,TRUE,TRUE,Both
3,12140,TRUE,TRUE,Both
3,12159,TRUE,TRUE,Both
3,12167,TRUE,TRUE,Both
3,12183,TRUE,TRUE,Both
3,12191,TRUE,TRUE,Both
3,12204,FALSE,FALSE,Neither
3,12212,FALSE,TRUE,B only
3,12220,TRUE,TRUE,Both
3,12271,FALSE,TRUE,B only
3,12298,TRUE,TRUE,Both
3,12300,TRUE,TRUE,Both
3,12319,TRUE,TRUE,Both
3,12335,TRUE,TRUE,Both
3,12343,TRUE,TRUE,Both
3,12351,TRUE,TRUE,Both
3,12378,TRUE,TRUE,Both
3,12386,TRUE,TRUE,Both
3,12394,TRUE,TRUE,Both
3,12431,FALSE,TRUE,B only
3,12458,TRUE,TRUE,Both
3,12466,TRUE,TRUE,Both
3,12490,TRUE,TRUE,Both
3,12503,TRUE,TRUE,Both
3,12511,TRUE,TRUE,Both
3,12538,TRUE,TRUE,Both
3,12554,TRUE,TRUE,Both
3,12562,TRUE,TRUE,Both
3,12570,TRUE,TRUE,Both
3,12618,FALSE,TRUE,B only
3,12626,TRUE,TRUE,Both
3,12650,TRUE,TRUE,Both
3,12669,TRUE,TRUE,Both
3,12706,TRUE,TRUE,Both
3,12722,TRUE,TRUE,Both
3,12730,TRUE,TRUE,Both
3,12749,TRUE,TRUE,Both
3,12757,TRUE,TRUE,Both
3,12765,TRUE,TRUE,Both
3,12781,FALSE,TRUE,B only
3,12802,TRUE,TRUE,Both
3,12810,TRUE,TRUE,Both
3,12829,TRUE,TRUE,Both
3,12837,TRUE,TRUE,Both
3,12845,TRUE,TRUE,Both
3,12861,TRUE,TRUE,Both
3,12888,TRUE,TRUE,Both
3,12896,TRUE,TRUE,Both
3,12909,TRUE,TRUE,Both
3,12933,TRUE,TRUE,Both
3,12941,TRUE,TRUE,Both
3,12976,TRUE,TRUE,Both
3,12984,TRUE,TRUE,Both
3,13004,TRUE,TRUE,Both
3,13012,TRUE,TRUE,Both
3,13047,TRUE,TRUE,Both
3,13055,TRUE,TRUE,Both
3,13063,TRUE,TRUE,Both
3,13100,TRUE,TRUE,Both
3,13119,TRUE,TRUE,Both
3,13143,TRUE,TRUE,Both
3,13151,TRUE,TRUE,Both
3,13178,TRUE,TRUE,Both
3,13207,TRUE,TRUE,Both
3,13274,TRUE,TRUE,Both
3,13282,TRUE,TRUE,Both
3,13290,TRUE,TRUE,Both
3,13303,TRUE,TRUE,Both
3,13311,TRUE,TRUE,Both
3,13338,FALSE,TRUE,B only
3,13354,TRUE,TRUE,Both
3,13362,TRUE,TRUE,Both
3,13370,TRUE,TRUE,Both
3,13389,TRUE,TRUE,Both
3,13418,TRUE,TRUE,Both
3,13434,TRUE,TRUE,Both
3,13442,TRUE,TRUE,Both
3,13450,TRUE,TRUE,Both
3,13469,TRUE,TRUE,Both
3,13477,TRUE,TRUE,Both
3,13485,TRUE,TRUE,Both
3,13522,TRUE,TRUE,Both
3,13549,TRUE,TRUE,Both
3,13557,TRUE,TRUE,Both
3,13565,TRUE,TRUE,Both
3,13573,TRUE,TRUE,Both
3,13581,TRUE,TRUE,Both
3,13610,TRUE,TRUE,Both
3,13637,TRUE,TRUE,Both
3,13653,FALSE,TRUE,B only
3,13661,TRUE,TRUE,Both
3,13688,TRUE,TRUE,Both
3,13696,FALSE,TRUE,B only
3,13725,TRUE,TRUE,Both
3,13768,TRUE,TRUE,Both
3,13776,TRUE,TRUE,Both
3,13792,TRUE,TRUE,Both
3,13805,TRUE,TRUE,Both
3,13821,TRUE,TRUE,Both
3,13848,FALSE,TRUE,B only
3,13856,TRUE,TRUE,Both
3,13864,TRUE,TRUE,Both
3,13901,TRUE,TRUE,Both
3,13928,TRUE,TRUE,Both
3,13936,TRUE,TRUE,Both
3,13944,TRUE,TRUE,Both
3,13987,TRUE,TRUE,Both
3,14058,TRUE,TRUE,Both
3,14066,TRUE,TRUE,Both
3,14082,TRUE,TRUE,Both
3,14090,TRUE,TRUE,Both
3,14154,TRUE,TRUE,Both
3,14189,TRUE,TRUE,Both
3,14197,TRUE,TRUE,Both
3,14218,TRUE,TRUE,Both
3,14250,TRUE,TRUE,Both
3,14269,FALSE,TRUE,B only
3,14293,TRUE,TRUE,Both
3,14306,TRUE,TRUE,Both
3,14314,TRUE,TRUE,Both
3,14322,TRUE,TRUE,Both
3,14349,TRUE,TRUE,Both
3,14357,TRUE,TRUE,Both
3,14373,TRUE,TRUE,Both
3,14402,TRUE,TRUE,Both
3,14410,TRUE,TRUE,Both
3,14429,TRUE,TRUE,Both
3,14437,TRUE,TRUE,Both
3,14445,FALSE,TRUE,B only
3,14453,TRUE,TRUE,Both
3,14461,TRUE,TRUE,Both
3,14488,TRUE,TRUE,Both
3,14496,TRUE,TRUE,Both
3,14509,TRUE,TRUE,Both
3,14517,TRUE,TRUE,Both
3,14525,TRUE,TRUE,Both
3,14533,TRUE,TRUE,Both
3,14541,TRUE,TRUE,Both
3,14568,TRUE,TRUE,Both
3,14592,TRUE,TRUE,Both
3,14605,TRUE,TRUE,Both
3,14613,TRUE,TRUE,Both
3,14656,FALSE,TRUE,B only
3,14664,TRUE,TRUE,Both
3,14672,TRUE,TRUE,Both
3,14680,TRUE,TRUE,Both
3,14699,TRUE,TRUE,Both
3,14701,TRUE,TRUE,Both
3,14728,TRUE,TRUE,Both
3,14736,TRUE,TRUE,Both
3,14744,TRUE,TRUE,Both
3,14760,TRUE,TRUE,Both
3,14779,TRUE,TRUE,Both
3,14787,TRUE,TRUE,Both
3,14795,TRUE,TRUE,Both
3,14816,TRUE,TRUE,Both
3,14824,TRUE,TRUE,Both
3,14832,TRUE,TRUE,Both
3,14840,TRUE,TRUE,Both
3,14859,TRUE,TRUE,Both
3,14867,TRUE,TRUE,Both
3,14875,TRUE,TRUE,Both
3,14883,TRUE,TRUE,Both
3,14891,TRUE,TRUE,Both
3,14904,TRUE,TRUE,Both
3,14912,TRUE,TRUE,Both
3,14920,FALSE,TRUE,B only
3,14955,TRUE,TRUE,Both
3,14971,TRUE,TRUE,Both
3,15034,TRUE,TRUE,Both
3,15042,TRUE,TRUE,Both
3,15050,TRUE,TRUE,Both
3,15069,TRUE,TRUE,Both
3,15077,TRUE,TRUE,Both
3,15085,TRUE,TRUE,Both
3,15093,TRUE,TRUE,Both
3,15106,TRUE,TRUE,Both
3,15114,TRUE,TRUE,Both
3,15149,TRUE,TRUE,Both
3,15157,TRUE,TRUE,Both
3,15165,TRUE,TRUE,Both
3,15202,TRUE,TRUE,Both
3,15229,TRUE,TRUE,Both
3,15237,TRUE,TRUE,Both
3,15245,FALSE,TRUE,B only
3,15253,TRUE,TRUE,Both
3,15261,TRUE,TRUE,Both
3,15317,TRUE,TRUE,Both
3,15325,TRUE,TRUE,Both
3,15341,TRUE,TRUE,Both
3,15368,TRUE,TRUE,Both
3,15376,TRUE,TRUE,Both
3,15384,FALSE,FALSE,Neither
3,15405,TRUE,TRUE,Both
3,15448,TRUE,TRUE,Both
3,15456,TRUE,TRUE,Both
3,15464,TRUE,TRUE,Both
3,15472,TRUE,TRUE,Both
3,15480,TRUE,TRUE,Both
3,15499,TRUE,TRUE,Both
3,15528,TRUE,TRUE,Both
3,15536,TRUE,TRUE,Both
3,15544,TRUE,TRUE,Both
3,15560,TRUE,TRUE,Both
3,15579,FALSE,TRUE,B only
3,15587,TRUE,TRUE,Both
3,15608,TRUE,TRUE,Both
3,15624,TRUE,TRUE,Both
3,15659,TRUE,TRUE,Both
3,15667,TRUE,TRUE,Both
3,15691,TRUE,TRUE,Both
3,15704,TRUE,TRUE,Both
3,15712,TRUE,TRUE,Both
3,15720,TRUE,TRUE,Both
3,15739,TRUE,TRUE,Both
3,15747,TRUE,TRUE,Both
3,15755,TRUE,TRUE,Both
3,15763,TRUE,TRUE,Both
3,15771,TRUE,TRUE,Both
3,15798,TRUE,TRUE,Both
3,15819,TRUE,TRUE,Both
3,15827,TRUE,TRUE,Both
3,15835,TRUE,TRUE,Both
3,15843,TRUE,TRUE,Both
3,15851,TRUE,TRUE,Both
3,15907,TRUE,TRUE,Both
3,15915,TRUE,TRUE,Both
3,15923,FALSE,FALSE,Neither
3,15966,TRUE,TRUE,Both
3,15974,TRUE,TRUE,Both
3,15990,TRUE,TRUE,Both
3,16029,TRUE,TRUE,Both
3,16053,TRUE,TRUE,Both
3,16061,FALSE,TRUE,B only
3,16088,TRUE,TRUE,Both
3,16096,TRUE,TRUE,Both
3,16109,TRUE,TRUE,Both
3,16117,FALSE,TRUE,B only
3,16125,TRUE,TRUE,Both
3,16141,TRUE,TRUE,Both
3,16205,TRUE,TRUE,Both
3,16256,TRUE,TRUE,Both
3,16264,TRUE,TRUE,Both
3,16272,TRUE,TRUE,Both
3,16280,TRUE,TRUE,Both
3,16299,TRUE,TRUE,Both
3,16301,TRUE,TRUE,Both
3,16328,TRUE,TRUE,Both
3,16336,TRUE,TRUE,Both
3,16344,TRUE,TRUE,Both
3,16352,TRUE,TRUE,Both
3,16360,TRUE,TRUE,Both
3,16408,FALSE,FALSE,Neither
3,16424,TRUE,TRUE,Both
3,16432,TRUE,TRUE,Both
3,16512,TRUE,TRUE,Both
3,16555,TRUE,TRUE,Both
3,16571,TRUE,TRUE,Both
3,16598,TRUE,TRUE,Both
3,16600,TRUE,TRUE,Both
3,16619,TRUE,TRUE,Both
3,16627,TRUE,TRUE,Both
3,16643,TRUE,TRUE,Both
3,16651,TRUE,TRUE,Both
3,16678,TRUE,TRUE,Both
3,16686,TRUE,TRUE,Both
3,16707,TRUE,TRUE,Both
3,16723,TRUE,TRUE,Both
3,16731,TRUE,TRUE,Both
3,16758,TRUE,TRUE,Both
3,16782,TRUE,TRUE,Both
3,16803,TRUE,TRUE,Both
3,16838,TRUE,TRUE,Both
3,16862,TRUE,TRUE,Both
3,16870,TRUE,TRUE,Both
3,16926,TRUE,TRUE,Both
3,16934,TRUE,TRUE,Both
3,16950,TRUE,TRUE,Both
3,16969,TRUE,TRUE,Both
3,16985,TRUE,TRUE,Both
3,16993,TRUE,TRUE,Both
3,17005,TRUE,TRUE,Both
3,17013,TRUE,TRUE,Both
3,17048,TRUE,TRUE,Both
3,17056,TRUE,TRUE,Both
3,17064,TRUE,TRUE,Both
3,17072,TRUE,TRUE,Both
3,17099,TRUE,TRUE,Both
3,17101,TRUE,TRUE,Both
3,17128,TRUE,TRUE,Both
3,17144,TRUE,TRUE,Both
3,17152,TRUE,TRUE,Both
3,17160,TRUE,TRUE,Both
3,17208,TRUE,TRUE,Both
3,17216,TRUE,TRUE,Both
3,17224,TRUE,TRUE,Both
3,17232,TRUE,TRUE,Both
3,17240,TRUE,TRUE,Both
3,17267,TRUE,TRUE,Both
3,17291,TRUE,TRUE,Both
3,17304,TRUE,TRUE,Both
3,17312,TRUE,TRUE,Both
3,17320,TRUE,TRUE,Both
3,17339,TRUE,TRUE,Both
3,17347,TRUE,TRUE,Both
3,17398,TRUE,TRUE,Both
3,17400,TRUE,TRUE,Both
3,17419,FALSE,TRUE,B only
3,17427,TRUE,TRUE,Both
3,17435,TRUE,TRUE,Both
3,17443,TRUE,TRUE,Both
3,17451,TRUE,TRUE,Both
3,17478,TRUE,TRUE,Both
3,17486,TRUE,TRUE,Both
3,17507,TRUE,TRUE,Both
3,17515,TRUE,TRUE,Both
3,17523,TRUE,TRUE,Both
3,17558,TRUE,TRUE,Both
3,17566,TRUE,TRUE,Both
3,17582,TRUE,TRUE,Both
3,17590,TRUE,TRUE,Both
3,17603,TRUE,TRUE,Both
3,17646,TRUE,TRUE,Both
3,17654,TRUE,TRUE,Both
3,17670,TRUE,TRUE,Both
3,17689,TRUE,TRUE,Both
3,17718,TRUE,TRUE,Both
3,17726,TRUE,TRUE,Both
3,17734,TRUE,TRUE,Both
3,17742,TRUE,TRUE,Both
3,17750,TRUE,TRUE,Both
3,17777,FALSE,TRUE,B only
3,17806,TRUE,TRUE,Both
3,17814,TRUE,TRUE,Both
3,17822,TRUE,TRUE,Both
3,17830,TRUE,TRUE,Both
3,17849,TRUE,TRUE,Both
3,17857,TRUE,TRUE,Both
3,17865,FALSE,TRUE,B only
3,17881,TRUE,TRUE,Both
3,17902,TRUE,TRUE,Both
3,17910,TRUE,TRUE,Both
3,17929,TRUE,TRUE,Both
3,17945,FALSE,TRUE,B only
3,17953,TRUE,TRUE,Both
3,17961,TRUE,TRUE,Both
3,18008,TRUE,TRUE,Both
3,18016,TRUE,TRUE,Both
3,18024,TRUE,TRUE,Both
3,18032,TRUE,TRUE,Both
3,18040,TRUE,TRUE,Both
3,18067,TRUE,TRUE,Both
3,18075,TRUE,TRUE,Both
3,18083,TRUE,TRUE,Both
3,18091,TRUE,TRUE,Both
3,18112,TRUE,TRUE,Both
3,18147,TRUE,TRUE,Both
3,18155,FALSE,TRUE,B only
3,18163,TRUE,TRUE,Both
3,18171,TRUE,TRUE,Both
3,18198,TRUE,TRUE,Both
3,18200,TRUE,TRUE,Both
3,18227,TRUE,TRUE,Both
3,18235,TRUE,TRUE,Both
3,18243,TRUE,TRUE,Both
3,18251,TRUE,TRUE,Both
3,18278,TRUE,TRUE,Both
3,18286,TRUE,TRUE,Both
3,18315,TRUE,TRUE,Both
3,18323,TRUE,TRUE,Both
3,18331,TRUE,TRUE,Both
3,18358,TRUE,TRUE,Both
3,18366,TRUE,TRUE,Both
3,18374,TRUE,TRUE,Both
3,18382,TRUE,TRUE,Both
3,18390,TRUE,TRUE,Both
3,18403,TRUE,TRUE,Both
3,18411,TRUE,TRUE,Both
3,18438,TRUE,TRUE,Both
3,18446,TRUE,TRUE,Both
3,18454,TRUE,TRUE,Both
3,18462,TRUE,TRUE,Both
3,18489,FALSE,TRUE,B only
3,18518,TRUE,TRUE,Both
3,18526,FALSE,TRUE,B only
3,18534,TRUE,TRUE,Both
3,18542,TRUE,TRUE,Both
3,18550,TRUE,TRUE,Both
3,18569,TRUE,TRUE,Both
3,18585,TRUE,TRUE,Both
3,18606,TRUE,TRUE,Both
3,18614,FALSE,TRUE,B only
3,18649,TRUE,TRUE,Both
3,18657,TRUE,TRUE,Both
3,18673,TRUE,TRUE,Both
3,18681,TRUE,TRUE,Both
3,18702,TRUE,TRUE,Both
3,18710,TRUE,TRUE,Both
3,18729,TRUE,TRUE,Both
3,18745,TRUE,TRUE,Both
3,18796,TRUE,TRUE,Both
3,18817,TRUE,TRUE,Both
3,18825,TRUE,TRUE,Both
3,18833,FALSE,FALSE,Neither
3,18841,TRUE,TRUE,Both
3,18868,TRUE,TRUE,Both
3,18876,TRUE,TRUE,Both
3,18884,TRUE,TRUE,Both
3,18905,TRUE,TRUE,Both
3,18921,TRUE,TRUE,Both
3,18948,TRUE,TRUE,Both
3,18972,TRUE,TRUE,Both
3,18980,TRUE,TRUE,Both
3,18999,TRUE,TRUE,Both
3,19000,TRUE,TRUE,Both
3,19019,TRUE,TRUE,Both
3,19027,TRUE,TRUE,Both
3,19035,TRUE,TRUE,Both
3,19043,TRUE,TRUE,Both
3,19051,TRUE,TRUE,Both
3,19094,FALSE,TRUE,B only
3,19107,TRUE,TRUE,Both
3,19131,TRUE,TRUE,Both
3,19158,TRUE,TRUE,Both
3,19166,FALSE,TRUE,B only
3,19174,TRUE,TRUE,Both
3,19190,TRUE,TRUE,Both
3,19203,TRUE,TRUE,Both
3,19211,TRUE,TRUE,Both
3,19238,TRUE,TRUE,Both
3,19254,TRUE,TRUE,Both
3,19262,FALSE,TRUE,B only
3,19270,TRUE,TRUE,Both
3,19289,TRUE,TRUE,Both
3,19297,TRUE,TRUE,Both
3,19326,TRUE,TRUE,Both
3,19334,TRUE,TRUE,Both
3,19342,TRUE,TRUE,Both
3,19350,TRUE,TRUE,Both
3,19369,TRUE,TRUE,Both
3,19377,TRUE,TRUE,Both
3,19385,TRUE,TRUE,Both
3,19393,TRUE,TRUE,Both
3,19406,TRUE,TRUE,Both
3,19414,TRUE,TRUE,Both
3,19422,TRUE,TRUE,Both
3,19430,TRUE,TRUE,Both
3,19473,TRUE,TRUE,Both
3,19502,FALSE,FALSE,Neither
3,19510,FALSE,FALSE,Neither
3,19537,FALSE,FALSE,Neither
3,19545,FALSE,FALSE,Neither
3,19553,FALSE,FALSE,Neither
3,19561,FALSE,FALSE,Neither
3,19588,FALSE,FALSE,Neither
3,19596,FALSE,FALSE,Neither
3,19609,FALSE,FALSE,Neither
3,19617,FALSE,FALSE,Neither
3,19625,FALSE,FALSE,Neither
3,19633,FALSE,FALSE,Neither
3,19641,FALSE,FALSE,Neither
3,19668,FALSE,FALSE,Neither
3,19676,FALSE,FALSE,Neither
3,19684,FALSE,FALSE,Neither
3,19692,FALSE,FALSE,Neither
3,19705,FALSE,FALSE,Neither
3,19713,FALSE,FALSE,Neither
3,19721,FALSE,FALSE,Neither
3,19748,FALSE,FALSE,Neither
3,19756,FALSE,FALSE,Neither
3,19764,FALSE,FALSE,Neither
3,19772,FALSE,FALSE,Neither
3,19780,FALSE,FALSE,Neither
3,19799,FALSE,FALSE,Neither
3,19801,TRUE,TRUE,Both
3,19828,FALSE,FALSE,Neither
3,19836,FALSE,FALSE,Neither
3,19844,FALSE,FALSE,Neither
3,19852,FALSE,FALSE,Neither
3,19860,FALSE,FALSE,Neither
3,19879,FALSE,FALSE,Neither
3,19887,FALSE,FALSE,Neither
3,19895,FALSE,FALSE,Neither
3,19908,FALSE,FALSE,Neither
3,19924,FALSE,FALSE,Neither
3,19932,FALSE,FALSE,Neither
3,19940,FALSE,FALSE,Neither
3,19959,FALSE,FALSE,Neither
3,19967,FALSE,FALSE,Neither
3,19975,FALSE,FALSE,Neither
3,19983,FALSE,FALSE,Neither
3,19991,FALSE,FALSE,Neither
3,20001,FALSE,FALSE,Neither
3,20028,FALSE,FALSE,Neither
3,20036,FALSE,FALSE,Neither
3,20044,FALSE,FALSE,Neither
3,20052,FALSE,FALSE,Neither
3,20060,FALSE,FALSE,Neither
3,20079,FALSE,FALSE,Neither
3,20087,FALSE,FALSE,Neither
3,20095,FALSE,FALSE,Neither
3,20108,FALSE,FALSE,Neither
3,20116,FALSE,FALSE,Neither
3,20124,FALSE,FALSE,Neither
3,20132,FALSE,FALSE,Neither
3,20140,FALSE,FALSE,Neither
3,20159,FALSE,FALSE,Neither
3,20167,FALSE,FALSE,Neither
3,20175,FALSE,FALSE,Neither
3,20183,FALSE,FALSE,Neither
3,20204,FALSE,FALSE,Neither
3,20212,FALSE,FALSE,Neither
3,20220,FALSE,FALSE,Neither
3,20239,FALSE,FALSE,Neither
3,20247,FALSE,FALSE,Neither
3,20255,FALSE,FALSE,Neither
3,20263,FALSE,FALSE,Neither
3,20271,FALSE,FALSE,Neither
3,20298,FALSE,FALSE,Neither
3,20300,FALSE,FALSE,Neither
3,20319,FALSE,FALSE,Neither
3,20327,FALSE,FALSE,Neither
3,20335,FALSE,FALSE,Neither
3,20343,FALSE,FALSE,Neither
3,20351,FALSE,FALSE,Neither
3,20378,FALSE,FALSE,Neither
3,20386,FALSE,FALSE,Neither
3,20394,FALSE,FALSE,Neither
3,20407,FALSE,FALSE,Neither
3,20415,FALSE,FALSE,Neither
3,20423,FALSE,FALSE,Neither
3,20431,FALSE,FALSE,Neither
3,20458,FALSE,FALSE,Neither
3,20466,FALSE,FALSE,Neither
3,20474,FALSE,FALSE,Neither
3,20482,FALSE,FALSE,Neither
3,20490,FALSE,FALSE,Neither
3,20503,FALSE,FALSE,Neither
3,20511,FALSE,FALSE,Neither
3,20538,FALSE,FALSE,Neither
3,20546,FALSE,FALSE,Neither
3,20554,FALSE,FALSE,Neither
3,20562,FALSE,FALSE,Neither
3,20570,FALSE,FALSE,Neither
3,20589,FALSE,FALSE,Neither
3,20597,FALSE,FALSE,Neither
3,20618,FALSE,FALSE,Neither
3,20626,FALSE,FALSE,Neither
3,20634,FALSE,FALSE,Neither
3,20642,FALSE,FALSE,Neither
3,20650,FALSE,FALSE,Neither
3,20669,FALSE,FALSE,Neither
3,20677,FALSE,FALSE,Neither
3,20685,FALSE,FALSE,Neither
3,20693,FALSE,FALSE,Neither
3,20706,FALSE,FALSE,Neither
3,20714,FALSE,FALSE,Neither
3,20722,FALSE,FALSE,Neither
3,20730,FALSE,FALSE,Neither
3,20749,FALSE,FALSE,Neither
3,20757,FALSE,FALSE,Neither
3,20765,FALSE,FALSE,Neither
3,20773,FALSE,FALSE,Neither
3,20781,FALSE,FALSE,Neither
3,20802,FALSE,FALSE,Neither
3,20810,FALSE,FALSE,Neither
3,20829,FALSE,FALSE,Neither
3,20837,FALSE,FALSE,Neither
3,20845,FALSE,FALSE,Neither
3,20853,FALSE,FALSE,Neither
3,20861,FALSE,FALSE,Neither
3,20888,FALSE,FALSE,Neither
3,20909,FALSE,FALSE,Neither
3,20917,FALSE,FALSE,Neither
3,20925,FALSE,FALSE,Neither
3,20933,FALSE,FALSE,Neither
3,20941,FALSE,FALSE,Neither
3,20968,FALSE,FALSE,Neither
3,20976,FALSE,FALSE,Neither
3,20984,FALSE,FALSE,Neither
3,20992,FALSE,FALSE,Neither
3,21004,FALSE,FALSE,Neither
3,21012,FALSE,FALSE,Neither
3,21020,FALSE,FALSE,Neither
3,21039,FALSE,FALSE,Neither
3,21047,FALSE,FALSE,Neither
3,21055,FALSE,FALSE,Neither
3,21063,FALSE,FALSE,Neither
3,21071,FALSE,FALSE,Neither
3,21098,FALSE,FALSE,Neither
3,21100,FALSE,FALSE,Neither
3,21119,FALSE,FALSE,Neither
3,21127,FALSE,FALSE,Neither
3,21135,FALSE,FALSE,Neither
3,21143,FALSE,FALSE,Neither
3,21151,FALSE,FALSE,Neither
3,21178,FALSE,FALSE,Neither
3,21186,FALSE,FALSE,Neither
3,21194,FALSE,FALSE,Neither
3,21207,FALSE,FALSE,Neither
3,21215,TRUE,TRUE,Both
3,21223,FALSE,FALSE,Neither
3,21231,FALSE,FALSE,Neither
3,21258,FALSE,FALSE,Neither
3,21266,FALSE,FALSE,Neither
3,21274,FALSE,FALSE,Neither
3,21282,FALSE,FALSE,Neither
3,21290,FALSE,FALSE,Neither
3,21303,FALSE,FALSE,Neither
3,21311,FALSE,FALSE,Neither
3,21338,FALSE,FALSE,Neither
3,21346,FALSE,FALSE,Neither
3,21354,FALSE,FALSE,Neither
3,21362,FALSE,FALSE,Neither
3,21370,FALSE,FALSE,Neither
3,21389,FALSE,FALSE,Neither
3,21397,FALSE,FALSE,Neither
3,21418,FALSE,FALSE,Neither
3,21426,FALSE,FALSE,Neither
3,21434,FALSE,FALSE,Neither
3,21442,FALSE,FALSE,Neither
3,21450,FALSE,FALSE,Neither
3,21469,FALSE,FALSE,Neither
3,21477,FALSE,FALSE,Neither
3,21485,FALSE,FALSE,Neither
3,21493,FALSE,FALSE,Neither
3,21506,FALSE,FALSE,Neither
3,21514,FALSE,FALSE,Neither
3,21522,FALSE,FALSE,Neither
3,21530,FALSE,FALSE,Neither
3,21549,FALSE,FALSE,Neither
3,21557,FALSE,FALSE,Neither
3,21565,FALSE,FALSE,Neither
3,21573,TRUE,TRUE,Both
3,21581,FALSE,FALSE,Neither
3,21602,FALSE,FALSE,Neither
3,21610,FALSE,FALSE,Neither
3,21629,FALSE,FALSE,Neither
3,21637,FALSE,FALSE,Neither
3,21645,FALSE,FALSE,Neither
3,21653,FALSE,FALSE,Neither
3,21661,FALSE,FALSE,Neither
3,21688,FALSE,FALSE,Neither
3,21696,FALSE,FALSE,Neither
3,21717,FALSE,FALSE,Neither
3,24475,TRUE,TRUE,Both
3,24512,TRUE,TRUE,Both
3,25435,TRUE,TRUE,Both
3,25486,TRUE,TRUE,Both
3,25566,TRUE,TRUE,Both
3,25822,TRUE,TRUE,Both
3,26972,FALSE,TRUE,B only
3,27561,TRUE,TRUE,Both
3,27692,TRUE,TRUE,Both
3,28281,FALSE,FALSE,Neither
3,28513,TRUE,TRUE,Both
3,58368,TRUE,TRUE,Both
3,75471,TRUE,TRUE,Both
3,86239,FALSE,FALSE,Neither
4,10006,TRUE,TRUE,Both
4,10014,TRUE,TRUE,Both
4,10022,TRUE,TRUE,Both
4,10030,TRUE,TRUE,Both
4,10057,TRUE,TRUE,Both
4,10102,TRUE,TRUE,Both
4,10137,TRUE,TRUE,Both
4,10145,TRUE,TRUE,Both
4,10153,TRUE,TRUE,Both
4,10161,TRUE,TRUE,Both
4,10188,TRUE,TRUE,Both
4,10196,TRUE,TRUE,Both
4,10209,TRUE,TRUE,Both
4,10217,TRUE,TRUE,Both
4,10225,TRUE,TRUE,Both
4,10233,TRUE,TRUE,Both
4,10241,TRUE,TRUE,Both
4,10268,TRUE,TRUE,Both
4,10276,TRUE,TRUE,Both
4,10292,FALSE,TRUE,B only
4,10313,TRUE,TRUE,Both
4,10321,TRUE,TRUE,Both
4,10364,TRUE,TRUE,Both
4,10372,TRUE,TRUE,Both
4,10401,TRUE,TRUE,Both
4,10428,TRUE,TRUE,Both
4,10436,TRUE,TRUE,Both
4,10444,TRUE,TRUE,Both
4,10452,TRUE,TRUE,Both
4,10460,TRUE,TRUE,Both
4,10479,TRUE,TRUE,Both
4,10487,TRUE,TRUE,Both
4,10495,TRUE,TRUE,Both
4,10516,TRUE,TRUE,Both
4,10524,TRUE,TRUE,Both
4,10532,TRUE,TRUE,Both
4,10559,TRUE,TRUE,Both
4,10575,TRUE,TRUE,Both
4,10591,TRUE,TRUE,Both
4,10604,TRUE,TRUE,Both
4,10612,TRUE,TRUE,Both
4,10620,TRUE,TRUE,Both
4,10639,TRUE,TRUE,Both
4,10647,TRUE,TRUE,Both
4,10671,TRUE,TRUE,Both
4,10698,TRUE,TRUE,Both
4,10719,TRUE,TRUE,Both
4,10727,TRUE,TRUE,Both
4,10735,TRUE,TRUE,Both
4,10743,TRUE,TRUE,Both
4,10751,TRUE,TRUE,Both
4,10778,TRUE,TRUE,Both
4,10786,TRUE,TRUE,Both
4,10807,TRUE,TRUE,Both
4,10823,TRUE,TRUE,Both
4,10866,TRUE,TRUE,Both
4,10874,TRUE,TRUE,Both
4,10890,TRUE,TRUE,Both
4,10911,TRUE,TRUE,Both
4,10938,TRUE,TRUE,Both
4,10954,TRUE,TRUE,Both
4,10970,TRUE,TRUE,Both
4,10989,TRUE,TRUE,Both
4,11017,TRUE,TRUE,Both
4,11033,TRUE,TRUE,Both
4,11068,FALSE,TRUE,B only
4,11076,TRUE,TRUE,Both
4,11084,TRUE,TRUE,Both
4,11092,TRUE,TRUE,Both
4,11105,TRUE,TRUE,Both
4,11113,TRUE,TRUE,Both
4,11148,TRUE,TRUE,Both
4,11156,TRUE,TRUE,Both
4,11164,TRUE,TRUE,Both
4,11244,TRUE,TRUE,Both
4,11260,TRUE,TRUE,Both
4,11287,TRUE,TRUE,Both
4,11295,TRUE,TRUE,Both
4,11308,TRUE,TRUE,Both
4,11316,TRUE,TRUE,Both
4,11332,TRUE,TRUE,Both
4,11340,TRUE,TRUE,Both
4,11359,TRUE,TRUE,Both
4,11367,TRUE,TRUE,Both
4,11375,TRUE,TRUE,Both
4,11391,TRUE,TRUE,Both
4,11404,TRUE,TRUE,Both
4,11439,TRUE,TRUE,Both
4,11447,TRUE,TRUE,Both
4,11455,TRUE,TRUE,Both
4,11463,TRUE,TRUE,Both
4,11471,TRUE,TRUE,Both
4,11498,TRUE,TRUE,Both
4,11500,TRUE,TRUE,Both
4,11527,TRUE,TRUE,Both
4,11543,TRUE,TRUE,Both
4,11607,TRUE,TRUE,Both
4,11658,TRUE,TRUE,Both
4,11666,TRUE,TRUE,Both
4,11674,TRUE,TRUE,Both
4,11690,TRUE,TRUE,Both
4,11703,TRUE,TRUE,Both
4,11746,TRUE,TRUE,Both
4,11754,TRUE,TRUE,Both
4,11762,TRUE,TRUE,Both
4,11770,TRUE,TRUE,Both
4,11789,TRUE,TRUE,Both
4,11826,TRUE,TRUE,Both
4,11834,TRUE,TRUE,Both
4,11842,TRUE,TRUE,Both
4,11850,TRUE,TRUE,Both
4,11877,TRUE,TRUE,Both
4,11885,TRUE,TRUE,Both
4,11906,TRUE,TRUE,Both
4,11914,TRUE,TRUE,Both
4,11922,TRUE,TRUE,Both
4,11949,TRUE,TRUE,Both
4,11981,TRUE,TRUE,Both
4,12001,TRUE,TRUE,Both
4,12036,TRUE,TRUE,Both
4,12044,TRUE,TRUE,Both
4,12052,TRUE,TRUE,Both
4,12060,TRUE,TRUE,Both
4,12079,TRUE,TRUE,Both
4,12087,TRUE,TRUE,Both
4,12095,TRUE,TRUE,Both
4,12108,TRUE,TRUE,Both
4,12124,TRUE,TRUE,Both
4,12132,TRUE,TRUE,Both
4,12140,TRUE,TRUE,Both
4,12159,TRUE,TRUE,Both
4,12167,TRUE,TRUE,Both
4,12183,TRUE,TRUE,Both
4,12191,TRUE,TRUE,Both
4,12204,FALSE,FALSE,Neither
4,12212,TRUE,TRUE,Both
4,12220,TRUE,TRUE,Both
4,12271,FALSE,TRUE,B only
4,12298,TRUE,TRUE,Both
4,12300,TRUE,TRUE,Both
4,12319,TRUE,TRUE,Both
4,12335,TRUE,TRUE,Both
4,12343,TRUE,TRUE,Both
4,12351,TRUE,TRUE,Both
4,12378,TRUE,TRUE,Both
4,12386,TRUE,TRUE,Both
4,12394,TRUE,TRUE,Both
4,12431,FALSE,TRUE,B only
4,12458,TRUE,TRUE,Both
4,12466,TRUE,TRUE,Both
4,12490,TRUE,TRUE,Both
4,12503,TRUE,TRUE,Both
4,12511,TRUE,TRUE,Both
4,12538,TRUE,TRUE,Both
4,12554,TRUE,TRUE,Both
4,12562,TRUE,TRUE,Both
4,12570,TRUE,TRUE,Both
4,12618,TRUE,TRUE,Both
4,12626,TRUE,TRUE,Both
4,12650,TRUE,TRUE,Both
4,12669,TRUE,TRUE,Both
4,12706,TRUE,TRUE,Both
4,12722,TRUE,TRUE,Both
4,12730,TRUE,TRUE,Both
4,12749,TRUE,TRUE,Both
4,12757,TRUE,TRUE,Both
4,12781,TRUE,TRUE,Both
4,12802,TRUE,TRUE,Both
4,12810,TRUE,TRUE,Both
4,12829,TRUE,TRUE,Both
4,12837,TRUE,TRUE,Both
4,12845,FALSE,TRUE,B only
4,12861,TRUE,TRUE,Both
4,12888,TRUE,TRUE,Both
4,12896,TRUE,TRUE,Both
4,12909,TRUE,TRUE,Both
4,12933,TRUE,TRUE,Both
4,12941,TRUE,TRUE,Both
4,12976,TRUE,TRUE,Both
4,12984,TRUE,TRUE,Both
4,13004,TRUE,TRUE,Both
4,13012,TRUE,TRUE,Both
4,13047,TRUE,TRUE,Both
4,13055,TRUE,TRUE,Both
4,13063,TRUE,TRUE,Both
4,13100,TRUE,TRUE,Both
4,13119,TRUE,TRUE,Both
4,13143,TRUE,TRUE,Both
4,13151,TRUE,TRUE,Both
4,13178,TRUE,TRUE,Both
4,13207,TRUE,TRUE,Both
4,13274,TRUE,TRUE,Both
4,13282,TRUE,TRUE,Both
4,13290,TRUE,TRUE,Both
4,13303,TRUE,TRUE,Both
4,13311,TRUE,TRUE,Both
4,13338,FALSE,TRUE,B only
4,13354,TRUE,TRUE,Both
4,13362,TRUE,TRUE,Both
4,13370,TRUE,TRUE,Both
4,13389,TRUE,TRUE,Both
4,13418,TRUE,TRUE,Both
4,13434,TRUE,TRUE,Both
4,13442,TRUE,TRUE,Both
4,13450,TRUE,TRUE,Both
4,13469,TRUE,TRUE,Both
4,13522,TRUE,TRUE,Both
4,13549,TRUE,TRUE,Both
4,13557,TRUE,TRUE,Both
4,13565,TRUE,TRUE,Both
4,13573,TRUE,TRUE,Both
4,13581,TRUE,TRUE,Both
4,13610,TRUE,TRUE,Both
4,13637,TRUE,TRUE,Both
4,13653,FALSE,TRUE,B only
4,13661,TRUE,TRUE,Both
4,13688,TRUE,TRUE,Both
4,13696,TRUE,TRUE,Both
4,13725,TRUE,TRUE,Both
4,13768,TRUE,TRUE,Both
4,13776,TRUE,TRUE,Both
4,13792,TRUE,TRUE,Both
4,13805,TRUE,TRUE,Both
4,13821,FALSE,TRUE,B only
4,13848,FALSE,TRUE,B only
4,13856,TRUE,TRUE,Both
4,13864,TRUE,TRUE,Both
4,13901,TRUE,TRUE,Both
4,13928,TRUE,TRUE,Both
4,13936,TRUE,TRUE,Both
4,13944,TRUE,TRUE,Both
4,13987,TRUE,TRUE,Both
4,14058,TRUE,TRUE,Both
4,14066,TRUE,TRUE,Both
4,14082,TRUE,TRUE,Both
4,14090,TRUE,TRUE,Both
4,14154,TRUE,TRUE,Both
4,14189,TRUE,TRUE,Both
4,14197,TRUE,TRUE,Both
4,14218,TRUE,TRUE,Both
4,14250,FALSE,TRUE,B only
4,14306,TRUE,TRUE,Both
4,14314,TRUE,TRUE,Both
4,14322,TRUE,TRUE,Both
4,14349,TRUE,TRUE,Both
4,14357,TRUE,TRUE,Both
4,14373,TRUE,TRUE,Both
4,14402,TRUE,TRUE,Both
4,14429,TRUE,TRUE,Both
4,14437,TRUE,TRUE,Both
4,14445,TRUE,TRUE,Both
4,14461,TRUE,TRUE,Both
4,14488,TRUE,TRUE,Both
4,14496,TRUE,TRUE,Both
4,14509,TRUE,TRUE,Both
4,14517,TRUE,TRUE,Both
4,14525,TRUE,TRUE,Both
4,14533,TRUE,TRUE,Both
4,14541,TRUE,TRUE,Both
4,14592,TRUE,TRUE,Both
4,14605,TRUE,TRUE,Both
4,14613,TRUE,TRUE,Both
4,14656,FALSE,TRUE,B only
4,14664,TRUE,TRUE,Both
4,14680,TRUE,TRUE,Both
4,14699,TRUE,TRUE,Both
4,14701,TRUE,TRUE,Both
4,14728,TRUE,TRUE,Both
4,14736,TRUE,TRUE,Both
4,14744,TRUE,TRUE,Both
4,14760,TRUE,TRUE,Both
4,14779,TRUE,TRUE,Both
4,14787,TRUE,TRUE,Both
4,14795,TRUE,TRUE,Both
4,14816,TRUE,TRUE,Both
4,14824,TRUE,TRUE,Both
4,14832,TRUE,TRUE,Both
4,14840,TRUE,TRUE,Both
4,14859,TRUE,TRUE,Both
4,14867,TRUE,TRUE,Both
4,14875,TRUE,TRUE,Both
4,14883,TRUE,TRUE,Both
4,14891,TRUE,TRUE,Both
4,14904,TRUE,TRUE,Both
4,14912,TRUE,TRUE,Both
4,14920,TRUE,TRUE,Both
4,14955,TRUE,TRUE,Both
4,14971,TRUE,TRUE,Both
4,15034,TRUE,TRUE,Both
4,15042,TRUE,TRUE,Both
4,15050,TRUE,TRUE,Both
4,15069,TRUE,TRUE,Both
4,15077,TRUE,TRUE,Both
4,15085,TRUE,TRUE,Both
4,15093,TRUE,TRUE,Both
4,15106,TRUE,TRUE,Both
4,15114,TRUE,TRUE,Both
4,15149,TRUE,TRUE,Both
4,15157,TRUE,TRUE,Both
4,15165,TRUE,TRUE,Both
4,15202,FALSE,TRUE,B only
4,15229,TRUE,TRUE,Both
4,15237,TRUE,TRUE,Both
4,15253,TRUE,TRUE,Both
4,15261,TRUE,TRUE,Both
4,15317,TRUE,TRUE,Both
4,15325,FALSE,TRUE,B only
4,15341,TRUE,TRUE,Both
4,15368,TRUE,TRUE,Both
4,15376,TRUE,TRUE,Both
4,15384,FALSE,TRUE,B only
4,15448,TRUE,TRUE,Both
4,15456,TRUE,TRUE,Both
4,15464,TRUE,TRUE,Both
4,15472,TRUE,TRUE,Both
4,15480,TRUE,TRUE,Both
4,15499,TRUE,TRUE,Both
4,15528,TRUE,TRUE,Both
4,15536,TRUE,TRUE,Both
4,15544,TRUE,TRUE,Both
4,15560,TRUE,TRUE,Both
4,15579,TRUE,TRUE,Both
4,15587,TRUE,TRUE,Both
4,15608,TRUE,TRUE,Both
4,15624,TRUE,TRUE,Both
4,15659,TRUE,TRUE,Both
4,15667,TRUE,TRUE,Both
4,15691,TRUE,TRUE,Both
4,15704,TRUE,TRUE,Both
4,15712,TRUE,TRUE,Both
4,15720,TRUE,TRUE,Both
4,15739,TRUE,TRUE,Both
4,15747,TRUE,TRUE,Both
4,15755,TRUE,TRUE,Both
4,15763,TRUE,TRUE,Both
4,15771,TRUE,TRUE,Both
4,15798,TRUE,TRUE,Both
4,15819,TRUE,TRUE,Both
4,15827,TRUE,TRUE,Both
4,15835,TRUE,TRUE,Both
4,15843,TRUE,TRUE,Both
4,15851,FALSE,TRUE,B only
4,15907,TRUE,TRUE,Both
4,15915,TRUE,TRUE,Both
4,15923,FALSE,FALSE,Neither
4,15966,TRUE,TRUE,Both
4,15974,TRUE,TRUE,Both
4,15990,TRUE,TRUE,Both
4,16029,TRUE,TRUE,Both
4,16053,TRUE,TRUE,Both
4,16061,TRUE,TRUE,Both
4,16088,TRUE,TRUE,Both
4,16096,TRUE,TRUE,Both
4,16109,TRUE,TRUE,Both
4,16117,TRUE,TRUE,Both
4,16125,TRUE,TRUE,Both
4,16141,TRUE,TRUE,Both
4,16205,TRUE,TRUE,Both
4,16256,TRUE,TRUE,Both
4,16264,TRUE,TRUE,Both
4,16272,TRUE,TRUE,Both
4,16280,TRUE,TRUE,Both
4,16299,TRUE,TRUE,Both
4,16301,TRUE,TRUE,Both
4,16328,TRUE,TRUE,Both
4,16336,TRUE,TRUE,Both
4,16344,TRUE,TRUE,Both
4,16352,TRUE,TRUE,Both
4,16360,TRUE,TRUE,Both
4,16408,TRUE,TRUE,Both
4,16424,TRUE,TRUE,Both
4,16432,TRUE,TRUE,Both
4,16512,TRUE,TRUE,Both
4,16555,TRUE,TRUE,Both
4,16571,TRUE,TRUE,Both
4,16598,TRUE,TRUE,Both
4,16600,TRUE,TRUE,Both
4,16619,TRUE,TRUE,Both
4,16627,TRUE,TRUE,Both
4,16643,TRUE,TRUE,Both
4,16651,TRUE,TRUE,Both
4,16678,TRUE,TRUE,Both
4,16686,TRUE,TRUE,Both
4,16707,TRUE,TRUE,Both
4,16723,FALSE,TRUE,B only
4,16731,TRUE,TRUE,Both
4,16758,TRUE,TRUE,Both
4,16782,TRUE,TRUE,Both
4,16803,TRUE,TRUE,Both
4,16838,TRUE,TRUE,Both
4,16862,TRUE,TRUE,Both
4,16870,TRUE,TRUE,Both
4,16926,TRUE,TRUE,Both
4,16934,FALSE,TRUE,B only
4,16950,TRUE,TRUE,Both
4,16969,TRUE,TRUE,Both
4,16985,TRUE,TRUE,Both
4,17005,TRUE,TRUE,Both
4,17013,TRUE,TRUE,Both
4,17048,TRUE,TRUE,Both
4,17056,TRUE,TRUE,Both
4,17064,TRUE,TRUE,Both
4,17072,TRUE,TRUE,Both
4,17099,TRUE,TRUE,Both
4,17101,TRUE,TRUE,Both
4,17128,TRUE,TRUE,Both
4,17144,TRUE,TRUE,Both
4,17160,TRUE,TRUE,Both
4,17208,TRUE,TRUE,Both
4,17216,TRUE,TRUE,Both
4,17224,TRUE,TRUE,Both
4,17232,TRUE,TRUE,Both
4,17240,TRUE,TRUE,Both
4,17267,TRUE,TRUE,Both
4,17291,TRUE,TRUE,Both
4,17304,TRUE,TRUE,Both
4,17312,TRUE,TRUE,Both
4,17320,TRUE,TRUE,Both
4,17339,TRUE,TRUE,Both
4,17347,TRUE,TRUE,Both
4,17398,TRUE,TRUE,Both
4,17400,TRUE,TRUE,Both
4,17419,TRUE,TRUE,Both
4,17435,TRUE,TRUE,Both
4,17443,TRUE,TRUE,Both
4,17451,TRUE,TRUE,Both
4,17478,TRUE,TRUE,Both
4,17486,TRUE,TRUE,Both
4,17507,TRUE,TRUE,Both
4,17515,TRUE,TRUE,Both
4,17523,TRUE,TRUE,Both
4,17558,TRUE,TRUE,Both
4,17566,TRUE,TRUE,Both
4,17582,TRUE,TRUE,Both
4,17590,TRUE,TRUE,Both
4,17603,TRUE,TRUE,Both
4,17646,TRUE,TRUE,Both
4,17654,TRUE,TRUE,Both
4,17670,TRUE,TRUE,Both
4,17689,TRUE,TRUE,Both
4,17718,TRUE,TRUE,Both
4,17726,TRUE,TRUE,Both
4,17734,TRUE,TRUE,Both
4,17742,TRUE,TRUE,Both
4,17750,TRUE,TRUE,Both
4,17777,TRUE,TRUE,Both
4,17806,TRUE,TRUE,Both
4,17814,TRUE,TRUE,Both
4,17822,TRUE,TRUE,Both
4,17830,TRUE,TRUE,Both
4,17849,TRUE,TRUE,Both
4,17857,TRUE,TRUE,Both
4,17865,TRUE,TRUE,Both
4,17881,TRUE,TRUE,Both
4,17902,TRUE,TRUE,Both
4,17910,TRUE,TRUE,Both
4,17929,TRUE,TRUE,Both
4,17945,FALSE,TRUE,B only
4,17953,TRUE,TRUE,Both
4,17961,TRUE,TRUE,Both
4,18008,TRUE,TRUE,Both
4,18016,TRUE,TRUE,Both
4,18024,TRUE,TRUE,Both
4,18032,TRUE,TRUE,Both
4,18040,TRUE,TRUE,Both
4,18067,TRUE,TRUE,Both
4,18075,TRUE,TRUE,Both
4,18091,TRUE,TRUE,Both
4,18112,TRUE,TRUE,Both
4,18147,TRUE,TRUE,Both
4,18155,TRUE,TRUE,Both
4,18163,TRUE,TRUE,Both
4,18171,TRUE,TRUE,Both
4,18198,TRUE,TRUE,Both
4,18200,TRUE,TRUE,Both
4,18227,TRUE,TRUE,Both
4,18243,TRUE,TRUE,Both
4,18251,TRUE,TRUE,Both
4,18278,TRUE,TRUE,Both
4,18286,FALSE,TRUE,B only
4,18315,TRUE,TRUE,Both
4,18323,TRUE,TRUE,Both
4,18331,TRUE,TRUE,Both
4,18358,TRUE,TRUE,Both
4,18366,TRUE,TRUE,Both
4,18374,TRUE,TRUE,Both
4,18382,TRUE,TRUE,Both
4,18390,TRUE,TRUE,Both
4,18403,TRUE,TRUE,Both
4,18411,TRUE,TRUE,Both
4,18438,FALSE,TRUE,B only
4,18446,TRUE,TRUE,Both
4,18454,TRUE,TRUE,Both
4,18462,TRUE,TRUE,Both
4,18489,TRUE,TRUE,Both
4,18518,TRUE,TRUE,Both
4,18526,TRUE,TRUE,Both
4,18542,TRUE,TRUE,Both
4,18550,TRUE,TRUE,Both
4,18569,TRUE,TRUE,Both
4,18585,TRUE,TRUE,Both
4,18606,TRUE,TRUE,Both
4,18614,TRUE,TRUE,Both
4,18649,TRUE,TRUE,Both
4,18657,TRUE,TRUE,Both
4,18673,TRUE,TRUE,Both
4,18681,TRUE,TRUE,Both
4,18702,TRUE,TRUE,Both
4,18710,TRUE,TRUE,Both
4,18729,TRUE,TRUE,Both
4,18745,TRUE,TRUE,Both
4,18796,TRUE,TRUE,Both
4,18817,TRUE,TRUE,Both
4,18825,TRUE,TRUE,Both
4,18841,TRUE,TRUE,Both
4,18868,TRUE,TRUE,Both
4,18876,TRUE,TRUE,Both
4,18884,TRUE,TRUE,Both
4,18905,TRUE,TRUE,Both
4,18921,TRUE,TRUE,Both
4,18948,TRUE,TRUE,Both
4,18972,TRUE,TRUE,Both
4,18980,TRUE,TRUE,Both
4,18999,TRUE,TRUE,Both
4,19000,TRUE,TRUE,Both
4,19019,TRUE,TRUE,Both
4,19027,TRUE,TRUE,Both
4,19035,FALSE,TRUE,B only
4,19043,TRUE,TRUE,Both
4,19051,TRUE,TRUE,Both
4,19094,FALSE,TRUE,B only
4,19107,TRUE,TRUE,Both
4,19131,TRUE,TRUE,Both
4,19158,TRUE,TRUE,Both
4,19166,TRUE,TRUE,Both
4,19174,TRUE,TRUE,Both
4,19190,TRUE,TRUE,Both
4,19203,TRUE,TRUE,Both
4,19211,TRUE,TRUE,Both
4,19238,TRUE,TRUE,Both
4,19254,TRUE,TRUE,Both
4,19262,TRUE,TRUE,Both
4,19270,TRUE,TRUE,Both
4,19289,TRUE,TRUE,Both
4,19297,TRUE,TRUE,Both
4,19326,TRUE,TRUE,Both
4,19334,TRUE,TRUE,Both
4,19342,TRUE,TRUE,Both
4,19350,TRUE,TRUE,Both
4,19369,TRUE,TRUE,Both
4,19377,TRUE,TRUE,Both
4,19385,TRUE,TRUE,Both
4,19393,TRUE,TRUE,Both
4,19406,TRUE,TRUE,Both
4,19414,TRUE,TRUE,Both
4,19422,TRUE,TRUE,Both
4,19430,TRUE,TRUE,Both
4,19502,TRUE,TRUE,Both
4,19510,TRUE,TRUE,Both
4,19537,TRUE,TRUE,Both
4,19545,TRUE,TRUE,Both
4,19553,TRUE,TRUE,Both
4,19561,TRUE,TRUE,Both
4,19588,TRUE,TRUE,Both
4,19596,TRUE,TRUE,Both
4,19609,TRUE,TRUE,Both
4,19617,TRUE,TRUE,Both
4,19625,TRUE,TRUE,Both
4,19633,TRUE,TRUE,Both
4,19641,TRUE,TRUE,Both
4,19668,TRUE,TRUE,Both
4,19676,TRUE,TRUE,Both
4,19684,TRUE,TRUE,Both
4,19692,TRUE,TRUE,Both
4,19705,TRUE,TRUE,Both
4,19713,TRUE,TRUE,Both
4,19721,TRUE,TRUE,Both
4,19748,TRUE,TRUE,Both
4,19756,TRUE,TRUE,Both
4,19764,TRUE,TRUE,Both
4,19772,TRUE,TRUE,Both
4,19780,TRUE,TRUE,Both
4,19799,TRUE,TRUE,Both
4,19828,TRUE,TRUE,Both
4,19836,TRUE,TRUE,Both
4,19844,TRUE,TRUE,Both
4,19852,TRUE,TRUE,Both
4,19860,TRUE,TRUE,Both
4,19879,TRUE,TRUE,Both
4,19887,TRUE,TRUE,Both
4,19895,TRUE,TRUE,Both
4,19908,TRUE,TRUE,Both
4,19924,TRUE,TRUE,Both
4,19932,TRUE,TRUE,Both
4,19940,TRUE,TRUE,Both
4,19959,TRUE,TRUE,Both
4,19967,TRUE,TRUE,Both
4,19975,TRUE,TRUE,Both
4,19983,TRUE,TRUE,Both
4,19991,TRUE,TRUE,Both
4,20001,TRUE,TRUE,Both
4,20028,TRUE,TRUE,Both
4,20036,TRUE,TRUE,Both
4,20052,TRUE,TRUE,Both
4,20060,TRUE,TRUE,Both
4,20079,TRUE,TRUE,Both
4,20087,TRUE,TRUE,Both
4,20095,TRUE,TRUE,Both
4,20108,TRUE,TRUE,Both
4,20116,TRUE,TRUE,Both
4,20124,TRUE,TRUE,Both
4,20132,TRUE,TRUE,Both
4,20140,FALSE,TRUE,B only
4,20159,TRUE,TRUE,Both
4,20167,TRUE,TRUE,Both
4,20175,TRUE,TRUE,Both
4,20183,TRUE,TRUE,Both
4,20204,TRUE,TRUE,Both
4,20212,TRUE,TRUE,Both
4,20220,TRUE,TRUE,Both
4,20239,TRUE,TRUE,Both
4,20247,TRUE,TRUE,Both
4,20255,TRUE,TRUE,Both
4,20263,TRUE,TRUE,Both
4,20298,TRUE,TRUE,Both
4,20300,TRUE,TRUE,Both
4,20327,TRUE,TRUE,Both
4,20335,TRUE,TRUE,Both
4,20343,TRUE,TRUE,Both
4,20351,TRUE,TRUE,Both
4,20378,TRUE,TRUE,Both
4,20386,TRUE,TRUE,Both
4,20394,TRUE,TRUE,Both
4,20407,TRUE,TRUE,Both
4,20415,TRUE,TRUE,Both
4,20423,TRUE,TRUE,Both
4,20431,TRUE,TRUE,Both
4,20458,TRUE,TRUE,Both
4,20466,TRUE,TRUE,Both
4,20474,TRUE,TRUE,Both
4,20482,TRUE,TRUE,Both
4,20490,FALSE,TRUE,B only
4,20503,TRUE,TRUE,Both
4,20511,TRUE,TRUE,Both
4,20538,TRUE,TRUE,Both
4,20546,FALSE,TRUE,B only
4,20554,TRUE,TRUE,Both
4,20562,TRUE,TRUE,Both
4,20570,TRUE,TRUE,Both
4,20589,TRUE,TRUE,Both
4,20597,TRUE,TRUE,Both
4,20618,TRUE,TRUE,Both
4,20626,TRUE,TRUE,Both
4,20634,TRUE,TRUE,Both
4,20642,TRUE,TRUE,Both
4,20650,TRUE,TRUE,Both
4,20669,TRUE,TRUE,Both
4,20677,TRUE,TRUE,Both
4,20685,TRUE,TRUE,Both
4,20693,TRUE,TRUE,Both
4,20706,TRUE,TRUE,Both
4,20714,TRUE,TRUE,Both
4,20722,TRUE,TRUE,Both
4,20730,TRUE,TRUE,Both
4,20749,TRUE,TRUE,Both
4,20757,TRUE,TRUE,Both
4,20765,TRUE,TRUE,Both
4,20773,TRUE,TRUE,Both
4,20781,TRUE,TRUE,Both
4,20802,TRUE,TRUE,Both
4,20810,TRUE,TRUE,Both
4,20829,TRUE,TRUE,Both
4,20837,TRUE,TRUE,Both
4,20845,TRUE,TRUE,Both
4,20853,FALSE,FALSE,Neither
4,20861,FALSE,FALSE,Neither
4,20888,FALSE,FALSE,Neither
4,20909,FALSE,FALSE,Neither
4,20917,FALSE,FALSE,Neither
4,20925,FALSE,FALSE,Neither
4,20933,FALSE,FALSE,Neither
4,20941,FALSE,FALSE,Neither
4,20968,FALSE,FALSE,Neither
4,20976,FALSE,FALSE,Neither
4,20984,FALSE,FALSE,Neither
4,20992,FALSE,FALSE,Neither
4,21004,FALSE,FALSE,Neither
4,21012,FALSE,FALSE,Neither
4,21020,FALSE,FALSE,Neither
4,21039,FALSE,FALSE,Neither
4,21047,FALSE,FALSE,Neither
4,21055,FALSE,FALSE,Neither
4,21063,FALSE,FALSE,Neither
4,21071,FALSE,FALSE,Neither
4,21098,FALSE,FALSE,Neither
4,21119,FALSE,FALSE,Neither
4,21127,FALSE,FALSE,Neither
4,21135,FALSE,FALSE,Neither
4,21143,FALSE,FALSE,Neither
4,21151,FALSE,FALSE,Neither
4,21178,FALSE,FALSE,Neither
4,21186,FALSE,FALSE,Neither
4,21194,FALSE,FALSE,Neither
4,21207,FALSE,FALSE,Neither
4,21215,TRUE,TRUE,Both
4,21223,FALSE,FALSE,Neither
4,21231,FALSE,FALSE,Neither
4,21258,FALSE,FALSE,Neither
4,21266,FALSE,FALSE,Neither
4,21274,FALSE,FALSE,Neither
4,21282,FALSE,FALSE,Neither
4,21290,FALSE,FALSE,Neither
4,21303,FALSE,FALSE,Neither
4,21311,FALSE,FALSE,Neither
4,21338,FALSE,FALSE,Neither
4,21346,FALSE,FALSE,Neither
4,21354,FALSE,FALSE,Neither
4,21370,FALSE,FALSE,Neither
4,21389,FALSE,FALSE,Neither
4,21397,FALSE,FALSE,Neither
4,21418,FALSE,FALSE,Neither
4,21426,FALSE,FALSE,Neither
4,21434,FALSE,FALSE,Neither
4,21442,FALSE,FALSE,Neither
4,21450,FALSE,FALSE,Neither
4,21469,FALSE,FALSE,Neither
4,21477,FALSE,FALSE,Neither
4,21485,FALSE,FALSE,Neither
4,21493,FALSE,FALSE,Neither
4,21506,FALSE,FALSE,Neither
4,21514,FALSE,FALSE,Neither
4,21522,FALSE,FALSE,Neither
4,21530,FALSE,FALSE,Neither
4,21549,FALSE,FALSE,Neither
4,21557,FALSE,FALSE,Neither
4,21565,FALSE,FALSE,Neither
4,21573,TRUE,TRUE,Both
4,21581,FALSE,FALSE,Neither
4,21602,FALSE,FALSE,Neither
4,21610,FALSE,FALSE,Neither
4,21629,FALSE,FALSE,Neither
4,21645,FALSE,FALSE,Neither
4,21653,FALSE,FALSE,Neither
4,21661,FALSE,FALSE,Neither
4,21688,FALSE,FALSE,Neither
4,21696,FALSE,FALSE,Neither
4,21709,FALSE,FALSE,Neither
4,21717,FALSE,FALSE,Neither
4,21725,FALSE,FALSE,Neither
4,21733,FALSE,FALSE,Neither
4,21741,FALSE,FALSE,Neither
4,21768,FALSE,FALSE,Neither
4,21776,FALSE,FALSE,Neither
4,21784,FALSE,FALSE,Neither
4,21792,FALSE,FALSE,Neither
4,21805,FALSE,FALSE,Neither
4,21813,FALSE,FALSE,Neither
4,21821,FALSE,FALSE,Neither
4,21848,FALSE,FALSE,Neither
4,21856,FALSE,FALSE,Neither
4,21864,FALSE,FALSE,Neither
4,21872,FALSE,FALSE,Neither
4,21899,FALSE,FALSE,Neither
4,21901,FALSE,FALSE,Neither
4,21928,FALSE,FALSE,Neither
4,21936,FALSE,FALSE,Neither
4,21952,FALSE,FALSE,Neither
4,21960,FALSE,FALSE,Neither
4,21979,FALSE,FALSE,Neither
4,21987,FALSE,FALSE,Neither
4,21995,FALSE,FALSE,Neither
4,22007,FALSE,FALSE,Neither
4,22015,FALSE,FALSE,Neither
4,22023,FALSE,FALSE,Neither
4,22031,FALSE,FALSE,Neither
4,22058,FALSE,FALSE,Neither
4,22066,FALSE,FALSE,Neither
4,22074,FALSE,FALSE,Neither
4,22082,FALSE,FALSE,Neither
4,22090,FALSE,FALSE,Neither
4,22103,FALSE,FALSE,Neither
4,22111,FALSE,FALSE,Neither
4,22138,FALSE,FALSE,Neither
4,22146,FALSE,FALSE,Neither
4,22154,FALSE,FALSE,Neither
4,22162,FALSE,FALSE,Neither
4,22170,FALSE,FALSE,Neither
4,22189,FALSE,FALSE,Neither
4,22197,FALSE,FALSE,Neither
4,22218,FALSE,FALSE,Neither
4,22226,FALSE,FALSE,Neither
4,22234,FALSE,FALSE,Neither
4,22242,FALSE,FALSE,Neither
4,22250,FALSE,FALSE,Neither
4,22269,FALSE,FALSE,Neither
4,22277,FALSE,FALSE,Neither
4,22285,FALSE,FALSE,Neither
4,22293,FALSE,FALSE,Neither
4,22306,FALSE,FALSE,Neither
4,22314,FALSE,FALSE,Neither
4,22322,FALSE,FALSE,Neither
4,22330,FALSE,FALSE,Neither
4,22349,FALSE,FALSE,Neither
4,22357,FALSE,FALSE,Neither
4,22365,FALSE,FALSE,Neither
4,22373,FALSE,FALSE,Neither
4,22381,FALSE,FALSE,Neither
4,22402,FALSE,FALSE,Neither
4,22410,FALSE,FALSE,Neither
4,22429,FALSE,FALSE,Neither
4,22437,FALSE,FALSE,Neither
4,22445,FALSE,FALSE,Neither
4,22453,FALSE,FALSE,Neither
4,22461,FALSE,FALSE,Neither
4,22488,FALSE,FALSE,Neither
4,22496,FALSE,FALSE,Neither
4,22509,FALSE,FALSE,Neither
4,22517,FALSE,FALSE,Neither
4,22525,FALSE,FALSE,Neither
4,22533,FALSE,FALSE,Neither
4,22541,FALSE,FALSE,Neither
4,22568,FALSE,FALSE,Neither
4,22576,FALSE,FALSE,Neither
4,22592,FALSE,FALSE,Neither
4,22605,FALSE,FALSE,Neither
4,22613,FALSE,FALSE,Neither
4,22621,FALSE,FALSE,Neither
4,22648,FALSE,FALSE,Neither
4,22656,FALSE,FALSE,Neither
4,22664,FALSE,FALSE,Neither
4,22672,FALSE,FALSE,Neither
4,22680,FALSE,FALSE,Neither
4,22699,FALSE,FALSE,Neither
4,22701,FALSE,FALSE,Neither
4,22728,FALSE,FALSE,Neither
4,22736,FALSE,FALSE,Neither
4,22744,FALSE,FALSE,Neither
4,22752,FALSE,FALSE,Neither
4,22760,FALSE,FALSE,Neither
4,22779,FALSE,FALSE,Neither
4,22787,FALSE,FALSE,Neither
4,22795,FALSE,FALSE,Neither
4,22808,FALSE,FALSE,Neither
4,22816,FALSE,FALSE,Neither
4,22824,FALSE,FALSE,Neither
4,22832,FALSE,FALSE,Neither
4,22840,FALSE,FALSE,Neither
4,22859,FALSE,FALSE,Neither
4,22867,FALSE,FALSE,Neither
4,22875,FALSE,FALSE,Neither
4,22883,FALSE,FALSE,Neither
4,22891,FALSE,FALSE,Neither
4,22904,FALSE,FALSE,Neither
4,22912,FALSE,FALSE,Neither
4,22920,FALSE,FALSE,Neither
4,22939,FALSE,FALSE,Neither
4,22947,FALSE,FALSE,Neither
4,22955,FALSE,FALSE,Neither
4,22963,FALSE,FALSE,Neither
4,22971,FALSE,FALSE,Neither
4,22998,FALSE,FALSE,Neither
4,23018,FALSE,FALSE,Neither
4,23026,FALSE,FALSE,Neither
4,23034,FALSE,FALSE,Neither
4,23042,FALSE,FALSE,Neither
4,23050,FALSE,FALSE,Neither
4,23069,FALSE,FALSE,Neither
4,23077,FALSE,FALSE,Neither
4,23085,FALSE,FALSE,Neither
4,23093,FALSE,FALSE,Neither
4,23106,FALSE,FALSE,Neither
4,23114,FALSE,FALSE,Neither
4,23122,FALSE,FALSE,Neither
4,23130,FALSE,FALSE,Neither
4,23149,FALSE,FALSE,Neither
4,23157,FALSE,FALSE,Neither
4,23165,FALSE,FALSE,Neither
4,23173,FALSE,FALSE,Neither
4,23181,FALSE,FALSE,Neither
4,24475,TRUE,TRUE,Both
4,24512,TRUE,TRUE,Both
4,25187,FALSE,FALSE,Neither
4,25259,FALSE,FALSE,Neither
4,25435,TRUE,TRUE,Both
4,25486,TRUE,TRUE,Both
4,25566,TRUE,TRUE,Both
4,25822,TRUE,TRUE,Both
4,26972,TRUE,TRUE,Both
4,27561,TRUE,TRUE,Both
4,27692,TRUE,TRUE,Both
4,28281,TRUE,TRUE,Both
4,28513,TRUE,TRUE,Both
4,75471,TRUE,TRUE,Both
4,86239,TRUE,TRUE,Both
5,10006,TRUE,TRUE,Both
5,10014,TRUE,TRUE,Both
5,10022,TRUE,TRUE,Both
5,10030,TRUE,TRUE,Both
5,10057,TRUE,TRUE,Both
5,10102,TRUE,TRUE,Both
5,10137,TRUE,TRUE,Both
5,10145,TRUE,TRUE,Both
5,10153,TRUE,TRUE,Both
5,10161,TRUE,TRUE,Both
5,10188,TRUE,TRUE,Both
5,10196,TRUE,TRUE,Both
5,10209,TRUE,TRUE,Both
5,10217,TRUE,TRUE,Both
5,10225,TRUE,TRUE,Both
5,10233,TRUE,TRUE,Both
5,10241,TRUE,TRUE,Both
5,10268,TRUE,TRUE,Both
5,10276,TRUE,TRUE,Both
5,10292,TRUE,TRUE,Both
5,10313,TRUE,TRUE,Both
5,10321,TRUE,TRUE,Both
5,10364,TRUE,TRUE,Both
5,10372,TRUE,TRUE,Both
5,10401,TRUE,TRUE,Both
5,10436,TRUE,TRUE,Both
5,10444,TRUE,TRUE,Both
5,10452,TRUE,TRUE,Both
5,10460,TRUE,TRUE,Both
5,10479,TRUE,TRUE,Both
5,10487,TRUE,TRUE,Both
5,10495,TRUE,TRUE,Both
5,10516,TRUE,TRUE,Both
5,10524,TRUE,TRUE,Both
5,10532,TRUE,TRUE,Both
5,10559,TRUE,TRUE,Both
5,10575,TRUE,TRUE,Both
5,10591,TRUE,TRUE,Both
5,10604,TRUE,TRUE,Both
5,10612,TRUE,TRUE,Both
5,10620,TRUE,TRUE,Both
5,10639,TRUE,TRUE,Both
5,10647,TRUE,TRUE,Both
5,10671,TRUE,TRUE,Both
5,10698,TRUE,TRUE,Both
5,10727,TRUE,TRUE,Both
5,10735,TRUE,TRUE,Both
5,10743,TRUE,TRUE,Both
5,10751,TRUE,TRUE,Both
5,10778,TRUE,TRUE,Both
5,10786,TRUE,TRUE,Both
5,10807,TRUE,TRUE,Both
5,10823,TRUE,TRUE,Both
5,10866,TRUE,TRUE,Both
5,10874,TRUE,TRUE,Both
5,10890,TRUE,TRUE,Both
5,10911,TRUE,TRUE,Both
5,10938,TRUE,TRUE,Both
5,10954,TRUE,TRUE,Both
5,10970,TRUE,TRUE,Both
5,10989,TRUE,TRUE,Both
5,11017,TRUE,TRUE,Both
5,11033,TRUE,TRUE,Both
5,11068,FALSE,TRUE,B only
5,11076,TRUE,TRUE,Both
5,11084,TRUE,TRUE,Both
5,11092,TRUE,TRUE,Both
5,11105,TRUE,TRUE,Both
5,11113,TRUE,TRUE,Both
5,11148,TRUE,TRUE,Both
5,11156,TRUE,TRUE,Both
5,11164,TRUE,TRUE,Both
5,11244,TRUE,TRUE,Both
5,11260,TRUE,TRUE,Both
5,11287,TRUE,TRUE,Both
5,11295,TRUE,TRUE,Both
5,11308,TRUE,TRUE,Both
5,11316,TRUE,TRUE,Both
5,11332,TRUE,TRUE,Both
5,11340,TRUE,TRUE,Both
5,11359,TRUE,TRUE,Both
5,11367,TRUE,TRUE,Both
5,11375,TRUE,TRUE,Both
5,11391,TRUE,TRUE,Both
5,11404,TRUE,TRUE,Both
5,11439,TRUE,TRUE,Both
5,11447,TRUE,TRUE,Both
5,11455,TRUE,TRUE,Both
5,11463,TRUE,TRUE,Both
5,11471,TRUE,TRUE,Both
5,11498,TRUE,TRUE,Both
5,11500,TRUE,TRUE,Both
5,11527,TRUE,TRUE,Both
5,11543,TRUE,TRUE,Both
5,11607,TRUE,TRUE,Both
5,11658,TRUE,TRUE,Both
5,11666,TRUE,TRUE,Both
5,11674,TRUE,TRUE,Both
5,11690,TRUE,TRUE,Both
5,11703,TRUE,TRUE,Both
5,11746,TRUE,TRUE,Both
5,11754,TRUE,TRUE,Both
5,11762,TRUE,TRUE,Both
5,11770,TRUE,TRUE,Both
5,11826,TRUE,TRUE,Both
5,11834,TRUE,TRUE,Both
5,11842,TRUE,TRUE,Both
5,11850,TRUE,TRUE,Both
5,11877,TRUE,TRUE,Both
5,11885,TRUE,TRUE,Both
5,11914,TRUE,TRUE,Both
5,11922,TRUE,TRUE,Both
5,11949,TRUE,TRUE,Both
5,11981,TRUE,TRUE,Both
5,12001,TRUE,TRUE,Both
5,12036,TRUE,TRUE,Both
5,12044,TRUE,TRUE,Both
5,12052,TRUE,TRUE,Both
5,12060,TRUE,TRUE,Both
5,12079,TRUE,TRUE,Both
5,12087,TRUE,TRUE,Both
5,12095,TRUE,TRUE,Both
5,12108,TRUE,TRUE,Both
5,12124,TRUE,TRUE,Both
5,12132,TRUE,TRUE,Both
5,12140,TRUE,TRUE,Both
5,12159,TRUE,TRUE,Both
5,12167,TRUE,TRUE,Both
5,12183,TRUE,TRUE,Both
5,12191,TRUE,TRUE,Both
5,12204,FALSE,FALSE,Neither
5,12212,TRUE,TRUE,Both
5,12220,TRUE,TRUE,Both
5,12271,TRUE,TRUE,Both
5,12298,TRUE,TRUE,Both
5,12300,TRUE,TRUE,Both
5,12319,TRUE,TRUE,Both
5,12335,TRUE,TRUE,Both
5,12343,TRUE,TRUE,Both
5,12351,TRUE,TRUE,Both
5,12378,TRUE,TRUE,Both
5,12386,TRUE,TRUE,Both
5,12394,TRUE,TRUE,Both
5,12431,TRUE,TRUE,Both
5,12458,TRUE,TRUE,Both
5,12466,TRUE,TRUE,Both
5,12490,TRUE,TRUE,Both
5,12503,TRUE,TRUE,Both
5,12511,TRUE,TRUE,Both
5,12538,TRUE,TRUE,Both
5,12554,TRUE,TRUE,Both
5,12562,TRUE,TRUE,Both
5,12570,TRUE,TRUE,Both
5,12618,TRUE,TRUE,Both
5,12626,TRUE,TRUE,Both
5,12650,TRUE,TRUE,Both
5,12669,TRUE,TRUE,Both
5,12706,TRUE,TRUE,Both
5,12722,TRUE,TRUE,Both
5,12730,TRUE,TRUE,Both
5,12749,TRUE,TRUE,Both
5,12757,TRUE,TRUE,Both
5,12781,TRUE,TRUE,Both
5,12802,TRUE,TRUE,Both
5,12810,TRUE,TRUE,Both
5,12829,TRUE,TRUE,Both
5,12837,TRUE,TRUE,Both
5,12888,TRUE,TRUE,Both
5,12896,TRUE,TRUE,Both
5,12909,TRUE,TRUE,Both
5,12933,TRUE,TRUE,Both
5,12941,TRUE,TRUE,Both
5,12976,TRUE,TRUE,Both
5,12984,TRUE,TRUE,Both
5,13004,TRUE,TRUE,Both
5,13012,TRUE,TRUE,Both
5,13047,TRUE,TRUE,Both
5,13055,TRUE,TRUE,Both
5,13063,TRUE,TRUE,Both
5,13100,TRUE,TRUE,Both
5,13119,TRUE,TRUE,Both
5,13143,TRUE,TRUE,Both
5,13151,TRUE,TRUE,Both
5,13178,TRUE,TRUE,Both
5,13207,TRUE,TRUE,Both
5,13274,TRUE,TRUE,Both
5,13282,TRUE,TRUE,Both
5,13290,TRUE,TRUE,Both
5,13303,TRUE,TRUE,Both
5,13311,TRUE,TRUE,Both
5,13338,TRUE,TRUE,Both
5,13354,TRUE,TRUE,Both
5,13362,TRUE,TRUE,Both
5,13370,TRUE,TRUE,Both
5,13389,TRUE,TRUE,Both
5,13418,TRUE,TRUE,Both
5,13434,TRUE,TRUE,Both
5,13442,TRUE,TRUE,Both
5,13450,TRUE,TRUE,Both
5,13469,TRUE,TRUE,Both
5,13522,TRUE,TRUE,Both
5,13549,TRUE,TRUE,Both
5,13557,TRUE,TRUE,Both
5,13565,TRUE,TRUE,Both
5,13573,TRUE,TRUE,Both
5,13610,TRUE,TRUE,Both
5,13637,TRUE,TRUE,Both
5,13653,TRUE,TRUE,Both
5,13661,TRUE,TRUE,Both
5,13688,TRUE,TRUE,Both
5,13696,TRUE,TRUE,Both
5,13725,TRUE,TRUE,Both
5,13768,TRUE,TRUE,Both
5,13776,TRUE,TRUE,Both
5,13792,TRUE,TRUE,Both
5,13805,TRUE,TRUE,Both
5,13821,TRUE,TRUE,Both
5,13848,TRUE,TRUE,Both
5,13856,TRUE,TRUE,Both
5,13901,TRUE,TRUE,Both
5,13928,TRUE,TRUE,Both
5,13936,TRUE,TRUE,Both
5,13944,TRUE,TRUE,Both
5,13987,TRUE,TRUE,Both
5,14066,TRUE,TRUE,Both
5,14082,TRUE,TRUE,Both
5,14090,TRUE,TRUE,Both
5,14154,TRUE,TRUE,Both
5,14189,TRUE,TRUE,Both
5,14197,TRUE,TRUE,Both
5,14218,TRUE,TRUE,Both
5,14250,TRUE,TRUE,Both
5,14306,TRUE,TRUE,Both
5,14314,TRUE,TRUE,Both
5,14322,TRUE,TRUE,Both
5,14349,TRUE,TRUE,Both
5,14357,TRUE,TRUE,Both
5,14373,TRUE,TRUE,Both
5,14402,TRUE,TRUE,Both
5,14429,TRUE,TRUE,Both
5,14437,TRUE,TRUE,Both
5,14445,TRUE,TRUE,Both
5,14461,TRUE,TRUE,Both
5,14488,TRUE,TRUE,Both
5,14496,TRUE,TRUE,Both
5,14509,TRUE,TRUE,Both
5,14517,TRUE,TRUE,Both
5,14525,TRUE,TRUE,Both
5,14533,TRUE,TRUE,Both
5,14541,TRUE,TRUE,Both
5,14592,TRUE,TRUE,Both
5,14605,TRUE,TRUE,Both
5,14613,TRUE,TRUE,Both
5,14656,TRUE,TRUE,Both
5,14664,TRUE,TRUE,Both
5,14680,TRUE,TRUE,Both
5,14699,TRUE,TRUE,Both
5,14701,TRUE,TRUE,Both
5,14728,TRUE,TRUE,Both
5,14736,TRUE,TRUE,Both
5,14744,TRUE,TRUE,Both
5,14760,TRUE,TRUE,Both
5,14779,TRUE,TRUE,Both
5,14787,TRUE,TRUE,Both
5,14795,TRUE,TRUE,Both
5,14816,TRUE,TRUE,Both
5,14824,TRUE,TRUE,Both
5,14832,TRUE,TRUE,Both
5,14840,TRUE,TRUE,Both
5,14859,TRUE,TRUE,Both
5,14867,TRUE,TRUE,Both
5,14875,TRUE,TRUE,Both
5,14883,TRUE,TRUE,Both
5,14891,TRUE,TRUE,Both
5,14904,TRUE,TRUE,Both
5,14912,TRUE,TRUE,Both
5,14920,TRUE,TRUE,Both
5,14955,TRUE,TRUE,Both
5,14971,TRUE,TRUE,Both
5,15034,TRUE,TRUE,Both
5,15042,TRUE,TRUE,Both
5,15050,TRUE,TRUE,Both
5,15069,TRUE,TRUE,Both
5,15077,TRUE,TRUE,Both
5,15085,TRUE,TRUE,Both
5,15093,TRUE,TRUE,Both
5,15106,TRUE,TRUE,Both
5,15114,TRUE,TRUE,Both
5,15149,TRUE,TRUE,Both
5,15157,TRUE,TRUE,Both
5,15165,TRUE,TRUE,Both
5,15202,TRUE,TRUE,Both
5,15229,TRUE,TRUE,Both
5,15237,TRUE,TRUE,Both
5,15253,TRUE,TRUE,Both
5,15261,TRUE,TRUE,Both
5,15317,TRUE,TRUE,Both
5,15325,TRUE,TRUE,Both
5,15341,TRUE,TRUE,Both
5,15368,TRUE,TRUE,Both
5,15376,TRUE,TRUE,Both
5,15448,TRUE,TRUE,Both
5,15456,TRUE,TRUE,Both
5,15464,TRUE,TRUE,Both
5,15472,TRUE,TRUE,Both
5,15480,TRUE,TRUE,Both
5,15499,TRUE,TRUE,Both
5,15528,TRUE,TRUE,Both
5,15536,TRUE,TRUE,Both
5,15544,TRUE,TRUE,Both
5,15560,TRUE,TRUE,Both
5,15579,TRUE,TRUE,Both
5,15587,TRUE,TRUE,Both
5,15608,TRUE,TRUE,Both
5,15624,TRUE,TRUE,Both
5,15659,TRUE,TRUE,Both
5,15667,TRUE,TRUE,Both
5,15691,TRUE,TRUE,Both
5,15704,TRUE,TRUE,Both
5,15712,TRUE,TRUE,Both
5,15720,TRUE,TRUE,Both
5,15739,TRUE,TRUE,Both
5,15747,TRUE,TRUE,Both
5,15755,TRUE,TRUE,Both
5,15763,TRUE,TRUE,Both
5,15771,TRUE,TRUE,Both
5,15798,TRUE,TRUE,Both
5,15819,TRUE,TRUE,Both
5,15827,TRUE,TRUE,Both
5,15835,TRUE,TRUE,Both
5,15843,TRUE,TRUE,Both
5,15851,TRUE,TRUE,Both
5,15907,TRUE,TRUE,Both
5,15915,TRUE,TRUE,Both
5,15923,TRUE,TRUE,Both
5,15966,TRUE,TRUE,Both
5,15974,TRUE,TRUE,Both
5,15990,TRUE,TRUE,Both
5,16029,TRUE,TRUE,Both
5,16053,TRUE,TRUE,Both
5,16088,TRUE,TRUE,Both
5,16096,TRUE,TRUE,Both
5,16109,TRUE,TRUE,Both
5,16117,TRUE,TRUE,Both
5,16125,TRUE,TRUE,Both
5,16141,TRUE,TRUE,Both
5,16205,TRUE,TRUE,Both
5,16256,TRUE,TRUE,Both
5,16264,TRUE,TRUE,Both
5,16272,TRUE,TRUE,Both
5,16280,TRUE,TRUE,Both
5,16299,TRUE,TRUE,Both
5,16301,TRUE,TRUE,Both
5,16328,TRUE,TRUE,Both
5,16336,TRUE,TRUE,Both
5,16344,TRUE,TRUE,Both
5,16352,TRUE,TRUE,Both
5,16360,TRUE,TRUE,Both
5,16408,TRUE,TRUE,Both
5,16424,TRUE,TRUE,Both
5,16432,TRUE,TRUE,Both
5,16512,TRUE,TRUE,Both
5,16555,TRUE,TRUE,Both
5,16571,TRUE,TRUE,Both
5,16598,TRUE,TRUE,Both
5,16600,TRUE,TRUE,Both
5,16619,TRUE,TRUE,Both
5,16627,TRUE,TRUE,Both
5,16643,TRUE,TRUE,Both
5,16651,TRUE,TRUE,Both
5,16678,TRUE,TRUE,Both
5,16686,TRUE,TRUE,Both
5,16707,TRUE,TRUE,Both
5,16723,TRUE,TRUE,Both
5,16731,TRUE,TRUE,Both
5,16758,TRUE,TRUE,Both
5,16782,TRUE,TRUE,Both
5,16803,TRUE,TRUE,Both
5,16838,TRUE,TRUE,Both
5,16862,TRUE,TRUE,Both
5,16870,FALSE,TRUE,B only
5,16926,TRUE,TRUE,Both
5,16934,FALSE,TRUE,B only
5,16950,TRUE,TRUE,Both
5,16969,TRUE,TRUE,Both
5,16985,TRUE,TRUE,Both
5,17005,TRUE,TRUE,Both
5,17013,TRUE,TRUE,Both
5,17048,TRUE,TRUE,Both
5,17056,TRUE,TRUE,Both
5,17064,TRUE,TRUE,Both
5,17072,TRUE,TRUE,Both
5,17099,TRUE,TRUE,Both
5,17101,TRUE,TRUE,Both
5,17128,TRUE,TRUE,Both
5,17144,TRUE,TRUE,Both
5,17160,TRUE,TRUE,Both
5,17208,TRUE,TRUE,Both
5,17216,TRUE,TRUE,Both
5,17224,TRUE,TRUE,Both
5,17232,TRUE,TRUE,Both
5,17240,TRUE,TRUE,Both
5,17267,TRUE,TRUE,Both
5,17291,TRUE,TRUE,Both
5,17304,TRUE,TRUE,Both
5,17312,TRUE,TRUE,Both
5,17320,TRUE,TRUE,Both
5,17339,TRUE,TRUE,Both
5,17347,TRUE,TRUE,Both
5,17398,TRUE,TRUE,Both
5,17400,TRUE,TRUE,Both
5,17419,TRUE,TRUE,Both
5,17435,TRUE,TRUE,Both
5,17443,TRUE,TRUE,Both
5,17451,TRUE,TRUE,Both
5,17478,TRUE,TRUE,Both
5,17486,TRUE,TRUE,Both
5,17507,TRUE,TRUE,Both
5,17515,TRUE,TRUE,Both
5,17523,TRUE,TRUE,Both
5,17558,TRUE,TRUE,Both
5,17566,TRUE,TRUE,Both
5,17582,TRUE,TRUE,Both
5,17590,TRUE,TRUE,Both
5,17603,TRUE,TRUE,Both
5,17646,TRUE,TRUE,Both
5,17654,TRUE,TRUE,Both
5,17670,TRUE,TRUE,Both
5,17689,TRUE,TRUE,Both
5,17718,TRUE,TRUE,Both
5,17726,TRUE,TRUE,Both
5,17734,TRUE,TRUE,Both
5,17742,TRUE,TRUE,Both
5,17750,TRUE,TRUE,Both
5,17777,TRUE,TRUE,Both
5,17806,TRUE,TRUE,Both
5,17814,TRUE,TRUE,Both
5,17822,TRUE,TRUE,Both
5,17830,TRUE,TRUE,Both
5,17849,TRUE,TRUE,Both
5,17865,TRUE,TRUE,Both
5,17881,TRUE,TRUE,Both
5,17902,TRUE,TRUE,Both
5,17910,TRUE,TRUE,Both
5,17929,TRUE,TRUE,Both
5,17945,FALSE,TRUE,B only
5,17953,TRUE,TRUE,Both
5,17961,TRUE,TRUE,Both
5,18008,TRUE,TRUE,Both
5,18016,TRUE,TRUE,Both
5,18024,TRUE,TRUE,Both
5,18032,TRUE,TRUE,Both
5,18040,TRUE,TRUE,Both
5,18067,TRUE,TRUE,Both
5,18075,TRUE,TRUE,Both
5,18091,TRUE,TRUE,Both
5,18112,TRUE,TRUE,Both
5,18147,TRUE,TRUE,Both
5,18155,TRUE,TRUE,Both
5,18163,TRUE,TRUE,Both
5,18171,TRUE,TRUE,Both
5,18198,TRUE,TRUE,Both
5,18200,TRUE,TRUE,Both
5,18227,TRUE,TRUE,Both
5,18243,TRUE,TRUE,Both
5,18251,TRUE,TRUE,Both
5,18278,TRUE,TRUE,Both
5,18286,TRUE,TRUE,Both
5,18315,TRUE,TRUE,Both
5,18323,TRUE,TRUE,Both
5,18331,TRUE,TRUE,Both
5,18358,TRUE,TRUE,Both
5,18366,TRUE,TRUE,Both
5,18374,TRUE,TRUE,Both
5,18382,TRUE,TRUE,Both
5,18390,TRUE,TRUE,Both
5,18403,TRUE,TRUE,Both
5,18411,TRUE,TRUE,Both
5,18438,TRUE,TRUE,Both
5,18446,TRUE,TRUE,Both
5,18454,TRUE,TRUE,Both
5,18462,TRUE,TRUE,Both
5,18489,TRUE,TRUE,Both
5,18518,TRUE,TRUE,Both
5,18542,TRUE,TRUE,Both
5,18550,TRUE,TRUE,Both
5,18569,TRUE,TRUE,Both
5,18585,TRUE,TRUE,Both
5,18606,TRUE,TRUE,Both
5,18649,TRUE,TRUE,Both
5,18657,TRUE,TRUE,Both
5,18673,TRUE,TRUE,Both
5,18681,TRUE,TRUE,Both
5,18702,TRUE,TRUE,Both
5,18710,TRUE,TRUE,Both
5,18729,TRUE,TRUE,Both
5,18745,TRUE,TRUE,Both
5,18796,TRUE,TRUE,Both
5,18817,TRUE,TRUE,Both
5,18825,TRUE,TRUE,Both
5,18841,TRUE,TRUE,Both
5,18876,TRUE,TRUE,Both
5,18884,TRUE,TRUE,Both
5,18905,TRUE,TRUE,Both
5,18921,TRUE,TRUE,Both
5,18948,TRUE,TRUE,Both
5,18972,TRUE,TRUE,Both
5,18980,TRUE,TRUE,Both
5,18999,TRUE,TRUE,Both
5,19000,TRUE,TRUE,Both
5,19019,TRUE,TRUE,Both
5,19027,TRUE,TRUE,Both
5,19035,TRUE,TRUE,Both
5,19043,TRUE,TRUE,Both
5,19051,TRUE,TRUE,Both
5,19094,TRUE,TRUE,Both
5,19107,TRUE,TRUE,Both
5,19131,TRUE,TRUE,Both
5,19158,TRUE,TRUE,Both
5,19166,TRUE,TRUE,Both
5,19174,TRUE,TRUE,Both
5,19190,TRUE,TRUE,Both
5,19203,TRUE,TRUE,Both
5,19211,TRUE,TRUE,Both
5,19238,TRUE,TRUE,Both
5,19254,TRUE,TRUE,Both
5,19262,TRUE,TRUE,Both
5,19270,TRUE,TRUE,Both
5,19289,TRUE,TRUE,Both
5,19297,TRUE,TRUE,Both
5,19326,TRUE,TRUE,Both
5,19334,TRUE,TRUE,Both
5,19342,TRUE,TRUE,Both
5,19350,TRUE,TRUE,Both
5,19369,TRUE,TRUE,Both
5,19377,TRUE,TRUE,Both
5,19385,TRUE,TRUE,Both
5,19393,TRUE,TRUE,Both
5,19406,TRUE,TRUE,Both
5,19414,TRUE,TRUE,Both
5,19422,TRUE,TRUE,Both
5,19430,TRUE,TRUE,Both
5,19502,TRUE,TRUE,Both
5,19510,TRUE,TRUE,Both
5,19537,TRUE,TRUE,Both
5,19545,TRUE,TRUE,Both
5,19553,TRUE,TRUE,Both
5,19561,TRUE,TRUE,Both
5,19588,TRUE,TRUE,Both
5,19596,TRUE,TRUE,Both
5,19609,TRUE,TRUE,Both
5,19617,TRUE,TRUE,Both
5,19625,TRUE,TRUE,Both
5,19633,TRUE,TRUE,Both
5,19641,TRUE,TRUE,Both
5,19668,TRUE,TRUE,Both
5,19676,TRUE,TRUE,Both
5,19684,TRUE,TRUE,Both
5,19692,TRUE,TRUE,Both
5,19705,TRUE,TRUE,Both
5,19713,TRUE,TRUE,Both
5,19721,TRUE,TRUE,Both
5,19748,TRUE,TRUE,Both
5,19756,TRUE,TRUE,Both
5,19764,TRUE,TRUE,Both
5,19772,TRUE,TRUE,Both
5,19780,TRUE,TRUE,Both
5,19799,TRUE,TRUE,Both
5,19828,TRUE,TRUE,Both
5,19836,TRUE,TRUE,Both
5,19844,TRUE,TRUE,Both
5,19852,TRUE,TRUE,Both
5,19860,TRUE,TRUE,Both
5,19879,TRUE,TRUE,Both
5,19887,TRUE,TRUE,Both
5,19895,TRUE,TRUE,Both
5,19908,TRUE,TRUE,Both
5,19924,TRUE,TRUE,Both
5,19932,TRUE,TRUE,Both
5,19940,TRUE,TRUE,Both
5,19959,TRUE,TRUE,Both
5,19967,TRUE,TRUE,Both
5,19975,TRUE,TRUE,Both
5,19983,TRUE,TRUE,Both
5,19991,TRUE,TRUE,Both
5,20001,TRUE,TRUE,Both
5,20028,TRUE,TRUE,Both
5,20036,TRUE,TRUE,Both
5,20052,TRUE,TRUE,Both
5,20060,TRUE,TRUE,Both
5,20079,TRUE,TRUE,Both
5,20087,TRUE,TRUE,Both
5,20095,TRUE,TRUE,Both
5,20108,TRUE,TRUE,Both
5,20116,TRUE,TRUE,Both
5,20124,TRUE,TRUE,Both
5,20132,TRUE,TRUE,Both
5,20140,TRUE,TRUE,Both
5,20159,TRUE,TRUE,Both
5,20167,TRUE,TRUE,Both
5,20175,TRUE,TRUE,Both
5,20183,TRUE,TRUE,Both
5,20204,TRUE,TRUE,Both
5,20212,TRUE,TRUE,Both
5,20220,TRUE,TRUE,Both
5,20239,TRUE,TRUE,Both
5,20247,TRUE,TRUE,Both
5,20255,TRUE,TRUE,Both
5,20263,TRUE,TRUE,Both
5,20298,TRUE,TRUE,Both
5,20300,TRUE,TRUE,Both
5,20327,FALSE,TRUE,B only
5,20335,TRUE,TRUE,Both
5,20343,TRUE,TRUE,Both
5,20351,TRUE,TRUE,Both
5,20378,TRUE,TRUE,Both
5,20386,TRUE,TRUE,Both
5,20394,TRUE,TRUE,Both
5,20407,TRUE,TRUE,Both
5,20415,TRUE,TRUE,Both
5,20423,TRUE,TRUE,Both
5,20431,TRUE,TRUE,Both
5,20458,TRUE,TRUE,Both
5,20466,TRUE,TRUE,Both
5,20474,TRUE,TRUE,Both
5,20482,TRUE,TRUE,Both
5,20490,TRUE,TRUE,Both
5,20503,TRUE,TRUE,Both
5,20511,TRUE,TRUE,Both
5,20538,TRUE,TRUE,Both
5,20546,FALSE,TRUE,B only
5,20554,TRUE,TRUE,Both
5,20562,TRUE,TRUE,Both
5,20570,TRUE,TRUE,Both
5,20589,TRUE,TRUE,Both
5,20597,TRUE,TRUE,Both
5,20618,TRUE,TRUE,Both
5,20626,TRUE,TRUE,Both
5,20634,TRUE,TRUE,Both
5,20642,TRUE,TRUE,Both
5,20650,TRUE,TRUE,Both
5,20669,TRUE,TRUE,Both
5,20677,TRUE,TRUE,Both
5,20685,TRUE,TRUE,Both
5,20693,TRUE,TRUE,Both
5,20706,TRUE,TRUE,Both
5,20714,TRUE,TRUE,Both
5,20722,TRUE,TRUE,Both
5,20730,TRUE,TRUE,Both
5,20749,TRUE,TRUE,Both
5,20757,TRUE,TRUE,Both
5,20765,TRUE,TRUE,Both
5,20773,TRUE,TRUE,Both
5,20781,TRUE,TRUE,Both
5,20802,TRUE,TRUE,Both
5,20810,TRUE,TRUE,Both
5,20829,TRUE,TRUE,Both
5,20837,TRUE,TRUE,Both
5,20845,TRUE,TRUE,Both
5,20853,TRUE,TRUE,Both
5,20861,TRUE,TRUE,Both
5,20888,TRUE,TRUE,Both
5,20909,TRUE,TRUE,Both
5,20917,TRUE,TRUE,Both
5,20925,TRUE,TRUE,Both
5,20933,TRUE,TRUE,Both
5,20941,TRUE,TRUE,Both
5,20968,TRUE,TRUE,Both
5,20976,TRUE,TRUE,Both
5,20984,TRUE,TRUE,Both
5,20992,TRUE,TRUE,Both
5,21004,TRUE,TRUE,Both
5,21012,TRUE,TRUE,Both
5,21020,TRUE,TRUE,Both
5,21039,TRUE,TRUE,Both
5,21047,TRUE,TRUE,Both
5,21055,TRUE,TRUE,Both
5,21071,TRUE,TRUE,Both
5,21098,TRUE,TRUE,Both
5,21119,TRUE,TRUE,Both
5,21127,TRUE,TRUE,Both
5,21135,TRUE,TRUE,Both
5,21143,TRUE,TRUE,Both
5,21151,TRUE,TRUE,Both
5,21178,TRUE,TRUE,Both
5,21186,TRUE,TRUE,Both
5,21194,TRUE,TRUE,Both
5,21207,TRUE,TRUE,Both
5,21215,TRUE,TRUE,Both
5,21223,TRUE,TRUE,Both
5,21231,TRUE,TRUE,Both
5,21258,TRUE,TRUE,Both
5,21266,TRUE,TRUE,Both
5,21274,TRUE,TRUE,Both
5,21282,TRUE,TRUE,Both
5,21290,TRUE,TRUE,Both
5,21303,TRUE,TRUE,Both
5,21311,TRUE,TRUE,Both
5,21338,TRUE,TRUE,Both
5,21346,TRUE,TRUE,Both
5,21354,TRUE,TRUE,Both
5,21370,TRUE,TRUE,Both
5,21389,TRUE,TRUE,Both
5,21397,TRUE,TRUE,Both
5,21418,TRUE,TRUE,Both
5,21426,TRUE,TRUE,Both
5,21434,TRUE,TRUE,Both
5,21442,TRUE,TRUE,Both
5,21450,TRUE,TRUE,Both
5,21469,TRUE,TRUE,Both
5,21477,TRUE,TRUE,Both
5,21485,TRUE,TRUE,Both
5,21493,TRUE,TRUE,Both
5,21506,TRUE,TRUE,Both
5,21514,TRUE,TRUE,Both
5,21522,TRUE,TRUE,Both
5,21530,TRUE,TRUE,Both
5,21549,TRUE,TRUE,Both
5,21557,TRUE,TRUE,Both
5,21565,TRUE,TRUE,Both
5,21573,TRUE,TRUE,Both
5,21581,FALSE,FALSE,Neither
5,21602,FALSE,FALSE,Neither
5,21610,FALSE,FALSE,Neither
5,21629,FALSE,FALSE,Neither
5,21645,FALSE,FALSE,Neither
5,21653,FALSE,FALSE,Neither
5,21661,FALSE,FALSE,Neither
5,21688,FALSE,FALSE,Neither
5,21696,FALSE,FALSE,Neither
5,21709,FALSE,FALSE,Neither
5,21717,FALSE,FALSE,Neither
5,21725,FALSE,FALSE,Neither
5,21733,FALSE,FALSE,Neither
5,21741,FALSE,FALSE,Neither
5,21768,FALSE,FALSE,Neither
5,21776,FALSE,FALSE,Neither
5,21784,FALSE,FALSE,Neither
5,21792,FALSE,FALSE,Neither
5,21805,FALSE,FALSE,Neither
5,21813,FALSE,FALSE,Neither
5,21821,FALSE,FALSE,Neither
5,21856,FALSE,FALSE,Neither
5,21864,FALSE,FALSE,Neither
5,21872,FALSE,FALSE,Neither
5,21899,FALSE,FALSE,Neither
5,21901,FALSE,FALSE,Neither
5,21928,FALSE,FALSE,Neither
5,21936,FALSE,FALSE,Neither
5,21952,FALSE,FALSE,Neither
5,21960,FALSE,FALSE,Neither
5,21979,FALSE,FALSE,Neither
5,21987,FALSE,FALSE,Neither
5,21995,FALSE,FALSE,Neither
5,22007,FALSE,FALSE,Neither
5,22015,FALSE,FALSE,Neither
5,22023,FALSE,FALSE,Neither
5,22031,FALSE,FALSE,Neither
5,22058,FALSE,FALSE,Neither
5,22066,FALSE,FALSE,Neither
5,22074,FALSE,FALSE,Neither
5,22082,FALSE,FALSE,Neither
5,22090,FALSE,FALSE,Neither
5,22103,FALSE,FALSE,Neither
5,22111,FALSE,FALSE,Neither
5,22138,FALSE,FALSE,Neither
5,22146,FALSE,FALSE,Neither
5,22154,FALSE,FALSE,Neither
5,22162,FALSE,FALSE,Neither
5,22170,FALSE,FALSE,Neither
5,22189,FALSE,FALSE,Neither
5,22197,FALSE,FALSE,Neither
5,22218,FALSE,FALSE,Neither
5,22226,FALSE,FALSE,Neither
5,22234,FALSE,FALSE,Neither
5,22242,FALSE,FALSE,Neither
5,22250,FALSE,FALSE,Neither
5,22269,FALSE,FALSE,Neither
5,22277,FALSE,FALSE,Neither
5,22285,FALSE,FALSE,Neither
5,22293,FALSE,FALSE,Neither
5,22306,FALSE,FALSE,Neither
5,22314,FALSE,FALSE,Neither
5,22322,FALSE,FALSE,Neither
5,22330,FALSE,FALSE,Neither
5,22349,FALSE,FALSE,Neither
5,22357,FALSE,FALSE,Neither
5,22365,FALSE,FALSE,Neither
5,22373,FALSE,FALSE,Neither
5,22381,FALSE,FALSE,Neither
5,22402,FALSE,FALSE,Neither
5,22410,FALSE,FALSE,Neither
5,22429,FALSE,FALSE,Neither
5,22437,FALSE,FALSE,Neither
5,22445,FALSE,FALSE,Neither
5,22453,FALSE,FALSE,Neither
5,22461,FALSE,FALSE,Neither
5,22488,FALSE,FALSE,Neither
5,22496,FALSE,FALSE,Neither
5,22509,FALSE,FALSE,Neither
5,22517,FALSE,FALSE,Neither
5,22525,FALSE,FALSE,Neither
5,22533,FALSE,FALSE,Neither
5,22541,FALSE,FALSE,Neither
5,22568,FALSE,FALSE,Neither
5,22576,FALSE,FALSE,Neither
5,22592,FALSE,FALSE,Neither
5,22605,FALSE,FALSE,Neither
5,22613,FALSE,FALSE,Neither
5,22621,FALSE,FALSE,Neither
5,22648,FALSE,FALSE,Neither
5,22656,FALSE,FALSE,Neither
5,22664,FALSE,FALSE,Neither
5,22672,FALSE,FALSE,Neither
5,22680,FALSE,FALSE,Neither
5,22699,FALSE,FALSE,Neither
5,22701,FALSE,FALSE,Neither
5,22728,FALSE,FALSE,Neither
5,22736,FALSE,FALSE,Neither
5,22744,FALSE,FALSE,Neither
5,22752,FALSE,FALSE,Neither
5,22760,FALSE,FALSE,Neither
5,22779,FALSE,FALSE,Neither
5,22787,FALSE,FALSE,Neither
5,22795,FALSE,FALSE,Neither
5,22808,FALSE,FALSE,Neither
5,22816,FALSE,FALSE,Neither
5,22824,FALSE,FALSE,Neither
5,22832,FALSE,FALSE,Neither
5,22840,FALSE,FALSE,Neither
5,22859,FALSE,FALSE,Neither
5,22867,FALSE,FALSE,Neither
5,22875,FALSE,FALSE,Neither
5,22883,FALSE,FALSE,Neither
5,22891,FALSE,FALSE,Neither
5,22904,FALSE,FALSE,Neither
5,22912,FALSE,FALSE,Neither
5,22920,FALSE,FALSE,Neither
5,22939,FALSE,FALSE,Neither
5,22947,FALSE,FALSE,Neither
5,22955,FALSE,FALSE,Neither
5,22963,FALSE,FALSE,Neither
5,22971,FALSE,FALSE,Neither
5,22998,FALSE,FALSE,Neither
5,23018,FALSE,FALSE,Neither
5,23026,FALSE,FALSE,Neither
5,23034,FALSE,FALSE,Neither
5,23042,FALSE,FALSE,Neither
5,23050,FALSE,FALSE,Neither
5,23069,FALSE,FALSE,Neither
5,23077,FALSE,FALSE,Neither
5,23085,FALSE,FALSE,Neither
5,23093,FALSE,FALSE,Neither
5,23106,FALSE,FALSE,Neither
5,23114,FALSE,FALSE,Neither
5,23122,FALSE,FALSE,Neither
5,23130,FALSE,FALSE,Neither
5,23149,FALSE,FALSE,Neither
5,23157,FALSE,FALSE,Neither
5,23165,FALSE,FALSE,Neither
5,23173,FALSE,FALSE,Neither
5,23181,FALSE,FALSE,Neither
5,23202,FALSE,FALSE,Neither
5,23210,FALSE,FALSE,Neither
5,23229,FALSE,FALSE,Neither
5,23237,FALSE,FALSE,Neither
5,23245,FALSE,FALSE,Neither
5,23253,FALSE,FALSE,Neither
5,23261,FALSE,FALSE,Neither
5,23288,FALSE,FALSE,Neither
5,23296,FALSE,FALSE,Neither
5,23309,FALSE,FALSE,Neither
5,23317,FALSE,FALSE,Neither
5,23325,FALSE,FALSE,Neither
5,23333,FALSE,FALSE,Neither
5,23341,FALSE,FALSE,Neither
5,23376,FALSE,FALSE,Neither
5,23384,FALSE,FALSE,Neither
5,23392,FALSE,FALSE,Neither
5,23405,FALSE,FALSE,Neither
5,23413,FALSE,FALSE,Neither
5,23421,FALSE,FALSE,Neither
5,23448,FALSE,FALSE,Neither
5,23456,FALSE,FALSE,Neither
5,23464,FALSE,FALSE,Neither
5,23472,FALSE,FALSE,Neither
5,23480,FALSE,FALSE,Neither
5,23499,FALSE,FALSE,Neither
5,23501,FALSE,FALSE,Neither
5,23528,FALSE,FALSE,Neither
5,23536,FALSE,FALSE,Neither
5,23544,FALSE,FALSE,Neither
5,23552,FALSE,FALSE,Neither
5,23560,FALSE,FALSE,Neither
5,23579,FALSE,FALSE,Neither
5,23587,FALSE,FALSE,Neither
5,23595,FALSE,FALSE,Neither
5,23616,FALSE,FALSE,Neither
5,23624,FALSE,FALSE,Neither
5,23632,FALSE,FALSE,Neither
5,23640,FALSE,FALSE,Neither
5,23659,FALSE,FALSE,Neither
5,23667,FALSE,FALSE,Neither
5,23675,FALSE,FALSE,Neither
5,23683,FALSE,FALSE,Neither
5,23691,FALSE,FALSE,Neither
5,23704,FALSE,FALSE,Neither
5,23712,FALSE,FALSE,Neither
5,23720,FALSE,FALSE,Neither
5,23739,FALSE,FALSE,Neither
5,23747,FALSE,FALSE,Neither
5,23755,FALSE,FALSE,Neither
5,23763,FALSE,FALSE,Neither
5,23771,FALSE,FALSE,Neither
5,23798,FALSE,FALSE,Neither
5,23800,FALSE,FALSE,Neither
5,23819,FALSE,FALSE,Neither
5,23827,FALSE,FALSE,Neither
5,23835,FALSE,FALSE,Neither
5,23843,FALSE,FALSE,Neither
5,23851,FALSE,FALSE,Neither
5,23878,FALSE,FALSE,Neither
5,23886,FALSE,FALSE,Neither
5,23894,FALSE,FALSE,Neither
5,23907,FALSE,FALSE,Neither
5,23915,FALSE,FALSE,Neither
5,23923,FALSE,FALSE,Neither
5,23931,FALSE,FALSE,Neither
5,23958,FALSE,FALSE,Neither
5,23966,FALSE,FALSE,Neither
5,23974,FALSE,FALSE,Neither
5,23982,FALSE,FALSE,Neither
5,23990,FALSE,FALSE,Neither
5,24002,FALSE,FALSE,Neither
5,24010,FALSE,FALSE,Neither
5,24037,FALSE,FALSE,Neither
5,24045,FALSE,FALSE,Neither
5,24053,FALSE,FALSE,Neither
5,24061,FALSE,FALSE,Neither
5,24088,FALSE,FALSE,Neither
5,24096,FALSE,FALSE,Neither
5,24109,FALSE,FALSE,Neither
5,24117,FALSE,FALSE,Neither
5,24125,FALSE,FALSE,Neither
5,24133,FALSE,FALSE,Neither
5,24141,FALSE,FALSE,Neither
5,24168,FALSE,FALSE,Neither
5,24176,FALSE,FALSE,Neither
5,24184,FALSE,FALSE,Neither
5,24192,FALSE,FALSE,Neither
5,24205,FALSE,FALSE,Neither
5,24213,FALSE,FALSE,Neither
5,24221,FALSE,FALSE,Neither
5,24248,FALSE,FALSE,Neither
5,24256,FALSE,FALSE,Neither
5,24272,FALSE,FALSE,Neither
5,24280,FALSE,FALSE,Neither
5,24299,FALSE,FALSE,Neither
5,24301,FALSE,FALSE,Neither
5,24328,FALSE,FALSE,Neither
5,24336,FALSE,FALSE,Neither
5,24344,FALSE,FALSE,Neither
5,24352,FALSE,FALSE,Neither
5,24360,FALSE,FALSE,Neither
5,24379,FALSE,FALSE,Neither
5,24387,FALSE,FALSE,Neither
5,24395,FALSE,FALSE,Neither
5,24408,FALSE,FALSE,Neither
5,24416,FALSE,FALSE,Neither
5,24424,FALSE,FALSE,Neither
5,24432,FALSE,FALSE,Neither
5,24440,FALSE,FALSE,Neither
5,24459,FALSE,FALSE,Neither
5,24467,FALSE,FALSE,Neither
5,24475,TRUE,TRUE,Both
5,24483,FALSE,FALSE,Neither
5,24491,FALSE,FALSE,Neither
5,24504,FALSE,FALSE,Neither
5,24512,TRUE,TRUE,Both
5,24520,FALSE,FALSE,Neither
5,24539,FALSE,FALSE,Neither
5,24547,FALSE,FALSE,Neither
5,25187,FALSE,FALSE,Neither
5,25259,FALSE,FALSE,Neither
5,25435,TRUE,TRUE,Both
5,25486,TRUE,TRUE,Both
5,25566,TRUE,TRUE,Both
5,25822,TRUE,TRUE,Both
5,26972,TRUE,TRUE,Both
5,27561,TRUE,TRUE,Both
5,27692,TRUE,TRUE,Both
5,28281,TRUE,TRUE,Both
5,28513,TRUE,TRUE,Both
5,53023,FALSE,FALSE,Neither
5,75471,TRUE,TRUE,Both
5,86239,TRUE,TRUE,Both
6,10006,TRUE,TRUE,Both
6,10014,TRUE,TRUE,Both
6,10022,TRUE,TRUE,Both
6,10030,TRUE,TRUE,Both
6,10057,TRUE,TRUE,Both
6,10102,TRUE,TRUE,Both
6,10137,TRUE,TRUE,Both
6,10145,TRUE,TRUE,Both
6,10153,TRUE,TRUE,Both
6,10161,TRUE,TRUE,Both
6,10188,TRUE,TRUE,Both
6,10196,TRUE,TRUE,Both
6,10209,TRUE,TRUE,Both
6,10217,TRUE,TRUE,Both
6,10225,TRUE,TRUE,Both
6,10233,TRUE,TRUE,Both
6,10241,TRUE,TRUE,Both
6,10268,TRUE,TRUE,Both
6,10276,TRUE,TRUE,Both
6,10292,TRUE,TRUE,Both
6,10313,TRUE,TRUE,Both
6,10321,TRUE,TRUE,Both
6,10364,TRUE,TRUE,Both
6,10372,TRUE,TRUE,Both
6,10401,TRUE,TRUE,Both
6,10436,TRUE,TRUE,Both
6,10444,TRUE,TRUE,Both
6,10452,TRUE,TRUE,Both
6,10460,TRUE,TRUE,Both
6,10479,TRUE,TRUE,Both
6,10487,TRUE,TRUE,Both
6,10495,TRUE,TRUE,Both
6,10516,TRUE,TRUE,Both
6,10524,TRUE,TRUE,Both
6,10532,TRUE,TRUE,Both
6,10559,TRUE,TRUE,Both
6,10575,TRUE,TRUE,Both
6,10591,TRUE,TRUE,Both
6,10604,TRUE,TRUE,Both
6,10612,TRUE,TRUE,Both
6,10620,TRUE,TRUE,Both
6,10639,TRUE,TRUE,Both
6,10647,TRUE,TRUE,Both
6,10671,TRUE,TRUE,Both
6,10698,FALSE,TRUE,B only
6,10727,TRUE,TRUE,Both
6,10735,TRUE,TRUE,Both
6,10743,TRUE,TRUE,Both
6,10751,TRUE,TRUE,Both
6,10778,TRUE,TRUE,Both
6,10786,TRUE,TRUE,Both
6,10807,TRUE,TRUE,Both
6,10823,TRUE,TRUE,Both
6,10866,TRUE,TRUE,Both
6,10874,TRUE,TRUE,Both
6,10890,TRUE,TRUE,Both
6,10911,TRUE,TRUE,Both
6,10938,TRUE,TRUE,Both
6,10954,TRUE,TRUE,Both
6,10970,TRUE,TRUE,Both
6,10989,TRUE,TRUE,Both
6,11017,TRUE,TRUE,Both
6,11033,TRUE,TRUE,Both
6,11068,TRUE,TRUE,Both
6,11076,TRUE,TRUE,Both
6,11084,TRUE,TRUE,Both
6,11092,TRUE,TRUE,Both
6,11105,TRUE,TRUE,Both
6,11113,TRUE,TRUE,Both
6,11148,TRUE,TRUE,Both
6,11156,TRUE,TRUE,Both
6,11164,TRUE,TRUE,Both
6,11244,TRUE,TRUE,Both
6,11260,TRUE,TRUE,Both
6,11287,TRUE,TRUE,Both
6,11295,TRUE,TRUE,Both
6,11308,TRUE,TRUE,Both
6,11316,TRUE,TRUE,Both
6,11332,TRUE,TRUE,Both
6,11340,TRUE,TRUE,Both
6,11359,TRUE,TRUE,Both
6,11367,TRUE,TRUE,Both
6,11375,TRUE,TRUE,Both
6,11391,TRUE,TRUE,Both
6,11404,TRUE,TRUE,Both
6,11439,TRUE,TRUE,Both
6,11447,TRUE,TRUE,Both
6,11455,TRUE,TRUE,Both
6,11463,TRUE,TRUE,Both
6,11471,TRUE,TRUE,Both
6,11498,TRUE,TRUE,Both
6,11500,TRUE,TRUE,Both
6,11527,TRUE,TRUE,Both
6,11543,TRUE,TRUE,Both
6,11607,TRUE,TRUE,Both
6,11658,TRUE,TRUE,Both
6,11666,TRUE,TRUE,Both
6,11674,TRUE,TRUE,Both
6,11690,TRUE,TRUE,Both
6,11703,TRUE,TRUE,Both
6,11746,TRUE,TRUE,Both
6,11754,TRUE,TRUE,Both
6,11762,TRUE,TRUE,Both
6,11770,TRUE,TRUE,Both
6,11826,TRUE,TRUE,Both
6,11834,TRUE,TRUE,Both
6,11842,TRUE,TRUE,Both
6,11850,TRUE,TRUE,Both
6,11877,TRUE,TRUE,Both
6,11885,TRUE,TRUE,Both
6,11922,TRUE,TRUE,Both
6,11949,TRUE,TRUE,Both
6,11981,TRUE,TRUE,Both
6,12001,TRUE,TRUE,Both
6,12036,TRUE,TRUE,Both
6,12044,TRUE,TRUE,Both
6,12052,TRUE,TRUE,Both
6,12060,TRUE,TRUE,Both
6,12079,TRUE,TRUE,Both
6,12087,TRUE,TRUE,Both
6,12095,TRUE,TRUE,Both
6,12108,TRUE,TRUE,Both
6,12124,TRUE,TRUE,Both
6,12132,TRUE,TRUE,Both
6,12140,TRUE,TRUE,Both
6,12159,TRUE,TRUE,Both
6,12167,TRUE,TRUE,Both
6,12183,TRUE,TRUE,Both
6,12191,TRUE,TRUE,Both
6,12204,FALSE,FALSE,Neither
6,12212,TRUE,TRUE,Both
6,12220,TRUE,TRUE,Both
6,12271,TRUE,TRUE,Both
6,12298,TRUE,TRUE,Both
6,12300,TRUE,TRUE,Both
6,12319,TRUE,TRUE,Both
6,12335,TRUE,TRUE,Both
6,12343,TRUE,TRUE,Both
6,12351,TRUE,TRUE,Both
6,12386,TRUE,TRUE,Both
6,12394,TRUE,TRUE,Both
6,12431,TRUE,TRUE,Both
6,12458,TRUE,TRUE,Both
6,12466,TRUE,TRUE,Both
6,12490,TRUE,TRUE,Both
6,12503,TRUE,TRUE,Both
6,12511,TRUE,TRUE,Both
6,12538,TRUE,TRUE,Both
6,12554,TRUE,TRUE,Both
6,12562,TRUE,TRUE,Both
6,12570,TRUE,TRUE,Both
6,12618,TRUE,TRUE,Both
6,12626,TRUE,TRUE,Both
6,12650,TRUE,TRUE,Both
6,12669,TRUE,TRUE,Both
6,12706,TRUE,TRUE,Both
6,12722,TRUE,TRUE,Both
6,12730,TRUE,TRUE,Both
6,12749,TRUE,TRUE,Both
6,12757,TRUE,TRUE,Both
6,12781,TRUE,TRUE,Both
6,12802,TRUE,TRUE,Both
6,12810,TRUE,TRUE,Both
6,12829,TRUE,TRUE,Both
6,12837,TRUE,TRUE,Both
6,12888,TRUE,TRUE,Both
6,12896,TRUE,TRUE,Both
6,12909,TRUE,TRUE,Both
6,12933,TRUE,TRUE,Both
6,12941,TRUE,TRUE,Both
6,12976,TRUE,TRUE,Both
6,12984,TRUE,TRUE,Both
6,13004,TRUE,TRUE,Both
6,13012,TRUE,TRUE,Both
6,13047,TRUE,TRUE,Both
6,13055,TRUE,TRUE,Both
6,13063,TRUE,TRUE,Both
6,13100,TRUE,TRUE,Both
6,13119,TRUE,TRUE,Both
6,13143,TRUE,TRUE,Both
6,13151,TRUE,TRUE,Both
6,13178,TRUE,TRUE,Both
6,13207,TRUE,TRUE,Both
6,13274,TRUE,TRUE,Both
6,13282,TRUE,TRUE,Both
6,13290,TRUE,TRUE,Both
6,13303,TRUE,TRUE,Both
6,13311,TRUE,TRUE,Both
6,13338,TRUE,TRUE,Both
6,13354,TRUE,TRUE,Both
6,13370,TRUE,TRUE,Both
6,13389,TRUE,TRUE,Both
6,13434,TRUE,TRUE,Both
6,13442,TRUE,TRUE,Both
6,13450,TRUE,TRUE,Both
6,13469,TRUE,TRUE,Both
6,13522,TRUE,TRUE,Both
6,13549,TRUE,TRUE,Both
6,13557,TRUE,TRUE,Both
6,13565,TRUE,TRUE,Both
6,13573,TRUE,TRUE,Both
6,13610,TRUE,TRUE,Both
6,13637,TRUE,TRUE,Both
6,13653,TRUE,TRUE,Both
6,13661,TRUE,TRUE,Both
6,13688,TRUE,TRUE,Both
6,13696,TRUE,TRUE,Both
6,13768,TRUE,TRUE,Both
6,13792,TRUE,TRUE,Both
6,13805,TRUE,TRUE,Both
6,13821,TRUE,TRUE,Both
6,13848,TRUE,TRUE,Both
6,13856,TRUE,TRUE,Both
6,13901,TRUE,TRUE,Both
6,13928,TRUE,TRUE,Both
6,13936,TRUE,TRUE,Both
6,13944,TRUE,TRUE,Both
6,13987,TRUE,TRUE,Both
6,14066,TRUE,TRUE,Both
6,14082,TRUE,TRUE,Both
6,14090,TRUE,TRUE,Both
6,14154,TRUE,TRUE,Both
6,14189,TRUE,TRUE,Both
6,14197,TRUE,TRUE,Both
6,14218,TRUE,TRUE,Both
6,14250,TRUE,TRUE,Both
6,14306,TRUE,TRUE,Both
6,14314,TRUE,TRUE,Both
6,14322,TRUE,TRUE,Both
6,14349,TRUE,TRUE,Both
6,14357,TRUE,TRUE,Both
6,14373,TRUE,TRUE,Both
6,14402,TRUE,TRUE,Both
6,14429,TRUE,TRUE,Both
6,14437,TRUE,TRUE,Both
6,14461,TRUE,TRUE,Both
6,14488,TRUE,TRUE,Both
6,14496,TRUE,TRUE,Both
6,14509,TRUE,TRUE,Both
6,14517,TRUE,TRUE,Both
6,14525,TRUE,TRUE,Both
6,14533,TRUE,TRUE,Both
6,14541,TRUE,TRUE,Both
6,14592,TRUE,TRUE,Both
6,14605,TRUE,TRUE,Both
6,14613,TRUE,TRUE,Both
6,14656,TRUE,TRUE,Both
6,14664,TRUE,TRUE,Both
6,14680,TRUE,TRUE,Both
6,14699,TRUE,TRUE,Both
6,14701,TRUE,TRUE,Both
6,14728,TRUE,TRUE,Both
6,14736,TRUE,TRUE,Both
6,14744,TRUE,TRUE,Both
6,14760,TRUE,TRUE,Both
6,14779,TRUE,TRUE,Both
6,14787,TRUE,TRUE,Both
6,14795,TRUE,TRUE,Both
6,14816,TRUE,TRUE,Both
6,14824,TRUE,TRUE,Both
6,14832,TRUE,TRUE,Both
6,14840,TRUE,TRUE,Both
6,14859,TRUE,TRUE,Both
6,14867,TRUE,TRUE,Both
6,14875,TRUE,TRUE,Both
6,14883,TRUE,TRUE,Both
6,14891,TRUE,TRUE,Both
6,14904,TRUE,TRUE,Both
6,14912,TRUE,TRUE,Both
6,14920,TRUE,TRUE,Both
6,14955,TRUE,TRUE,Both
6,14971,TRUE,TRUE,Both
6,15034,TRUE,TRUE,Both
6,15042,TRUE,TRUE,Both
6,15050,TRUE,TRUE,Both
6,15069,TRUE,TRUE,Both
6,15077,TRUE,TRUE,Both
6,15085,TRUE,TRUE,Both
6,15149,TRUE,TRUE,Both
6,15157,TRUE,TRUE,Both
6,15165,TRUE,TRUE,Both
6,15202,TRUE,TRUE,Both
6,15229,TRUE,TRUE,Both
6,15237,TRUE,TRUE,Both
6,15253,TRUE,TRUE,Both
6,15261,TRUE,TRUE,Both
6,15317,TRUE,TRUE,Both
6,15325,TRUE,TRUE,Both
6,15341,TRUE,TRUE,Both
6,15368,TRUE,TRUE,Both
6,15376,TRUE,TRUE,Both
6,15448,TRUE,TRUE,Both
6,15456,TRUE,TRUE,Both
6,15464,TRUE,TRUE,Both
6,15472,TRUE,TRUE,Both
6,15480,TRUE,TRUE,Both
6,15499,TRUE,TRUE,Both
6,15528,TRUE,TRUE,Both
6,15536,TRUE,TRUE,Both
6,15544,TRUE,TRUE,Both
6,15560,TRUE,TRUE,Both
6,15579,TRUE,TRUE,Both
6,15587,TRUE,TRUE,Both
6,15608,TRUE,TRUE,Both
6,15624,TRUE,TRUE,Both
6,15659,TRUE,TRUE,Both
6,15667,TRUE,TRUE,Both
6,15691,TRUE,TRUE,Both
6,15712,TRUE,TRUE,Both
6,15720,TRUE,TRUE,Both
6,15739,TRUE,TRUE,Both
6,15747,TRUE,TRUE,Both
6,15755,TRUE,TRUE,Both
6,15763,TRUE,TRUE,Both
6,15771,TRUE,TRUE,Both
6,15798,TRUE,TRUE,Both
6,15819,TRUE,TRUE,Both
6,15827,TRUE,TRUE,Both
6,15835,TRUE,TRUE,Both
6,15843,TRUE,TRUE,Both
6,15907,TRUE,TRUE,Both
6,15915,TRUE,TRUE,Both
6,15923,TRUE,TRUE,Both
6,15966,TRUE,TRUE,Both
6,15974,TRUE,TRUE,Both
6,15990,TRUE,TRUE,Both
6,16029,TRUE,TRUE,Both
6,16053,TRUE,TRUE,Both
6,16088,TRUE,TRUE,Both
6,16096,TRUE,TRUE,Both
6,16109,TRUE,TRUE,Both
6,16117,TRUE,TRUE,Both
6,16125,TRUE,TRUE,Both
6,16141,TRUE,TRUE,Both
6,16205,TRUE,TRUE,Both
6,16256,TRUE,TRUE,Both
6,16264,TRUE,TRUE,Both
6,16272,TRUE,TRUE,Both
6,16280,TRUE,TRUE,Both
6,16299,TRUE,TRUE,Both
6,16301,TRUE,TRUE,Both
6,16328,TRUE,TRUE,Both
6,16336,TRUE,TRUE,Both
6,16344,TRUE,TRUE,Both
6,16352,TRUE,TRUE,Both
6,16360,TRUE,TRUE,Both
6,16424,TRUE,TRUE,Both
6,16432,TRUE,TRUE,Both
6,16512,TRUE,TRUE,Both
6,16555,TRUE,TRUE,Both
6,16571,TRUE,TRUE,Both
6,16598,TRUE,TRUE,Both
6,16600,TRUE,TRUE,Both
6,16619,TRUE,TRUE,Both
6,16627,TRUE,TRUE,Both
6,16643,TRUE,TRUE,Both
6,16651,TRUE,TRUE,Both
6,16678,TRUE,TRUE,Both
6,16686,TRUE,TRUE,Both
6,16707,TRUE,TRUE,Both
6,16723,TRUE,TRUE,Both
6,16731,TRUE,TRUE,Both
6,16758,TRUE,TRUE,Both
6,16782,TRUE,TRUE,Both
6,16803,TRUE,TRUE,Both
6,16838,TRUE,TRUE,Both
6,16862,TRUE,TRUE,Both
6,16870,TRUE,TRUE,Both
6,16926,TRUE,TRUE,Both
6,16934,FALSE,TRUE,B only
6,16969,TRUE,TRUE,Both
6,16985,TRUE,TRUE,Both
6,17005,TRUE,TRUE,Both
6,17013,TRUE,TRUE,Both
6,17048,TRUE,TRUE,Both
6,17056,TRUE,TRUE,Both
6,17064,TRUE,TRUE,Both
6,17072,TRUE,TRUE,Both
6,17099,TRUE,TRUE,Both
6,17101,TRUE,TRUE,Both
6,17128,TRUE,TRUE,Both
6,17144,TRUE,TRUE,Both
6,17160,TRUE,TRUE,Both
6,17208,TRUE,TRUE,Both
6,17216,TRUE,TRUE,Both
6,17224,TRUE,TRUE,Both
6,17232,TRUE,TRUE,Both
6,17240,TRUE,TRUE,Both
6,17267,TRUE,TRUE,Both
6,17291,TRUE,TRUE,Both
6,17304,TRUE,TRUE,Both
6,17312,TRUE,TRUE,Both
6,17320,TRUE,TRUE,Both
6,17339,TRUE,TRUE,Both
6,17347,TRUE,TRUE,Both
6,17398,TRUE,TRUE,Both
6,17400,TRUE,TRUE,Both
6,17419,TRUE,TRUE,Both
6,17435,TRUE,TRUE,Both
6,17443,TRUE,TRUE,Both
6,17451,TRUE,TRUE,Both
6,17478,TRUE,TRUE,Both
6,17486,TRUE,TRUE,Both
6,17507,TRUE,TRUE,Both
6,17515,TRUE,TRUE,Both
6,17523,TRUE,TRUE,Both
6,17558,TRUE,TRUE,Both
6,17566,TRUE,TRUE,Both
6,17582,TRUE,TRUE,Both
6,17590,TRUE,TRUE,Both
6,17603,TRUE,TRUE,Both
6,17646,TRUE,TRUE,Both
6,17654,TRUE,TRUE,Both
6,17670,TRUE,TRUE,Both
6,17689,TRUE,TRUE,Both
6,17718,TRUE,TRUE,Both
6,17726,TRUE,TRUE,Both
6,17734,TRUE,TRUE,Both
6,17742,TRUE,TRUE,Both
6,17750,TRUE,TRUE,Both
6,17777,TRUE,TRUE,Both
6,17806,TRUE,TRUE,Both
6,17814,TRUE,TRUE,Both
6,17822,TRUE,TRUE,Both
6,17830,TRUE,TRUE,Both
6,17849,TRUE,TRUE,Both
6,17865,TRUE,TRUE,Both
6,17881,TRUE,TRUE,Both
6,17902,TRUE,TRUE,Both
6,17910,TRUE,TRUE,Both
6,17929,TRUE,TRUE,Both
6,17945,TRUE,TRUE,Both
6,17953,TRUE,TRUE,Both
6,17961,TRUE,TRUE,Both
6,18008,TRUE,TRUE,Both
6,18016,TRUE,TRUE,Both
6,18024,TRUE,TRUE,Both
6,18032,TRUE,TRUE,Both
6,18040,TRUE,TRUE,Both
6,18067,TRUE,TRUE,Both
6,18075,TRUE,TRUE,Both
6,18091,TRUE,TRUE,Both
6,18112,TRUE,TRUE,Both
6,18147,TRUE,TRUE,Both
6,18155,TRUE,TRUE,Both
6,18163,TRUE,TRUE,Both
6,18171,TRUE,TRUE,Both
6,18198,TRUE,TRUE,Both
6,18200,TRUE,TRUE,Both
6,18243,TRUE,TRUE,Both
6,18251,TRUE,TRUE,Both
6,18278,TRUE,TRUE,Both
6,18286,TRUE,TRUE,Both
6,18315,TRUE,TRUE,Both
6,18323,TRUE,TRUE,Both
6,18331,TRUE,TRUE,Both
6,18358,TRUE,TRUE,Both
6,18366,TRUE,TRUE,Both
6,18374,TRUE,TRUE,Both
6,18382,TRUE,TRUE,Both
6,18390,FALSE,TRUE,B only
6,18403,TRUE,TRUE,Both
6,18411,TRUE,TRUE,Both
6,18438,TRUE,TRUE,Both
6,18446,TRUE,TRUE,Both
6,18454,TRUE,TRUE,Both
6,18462,TRUE,TRUE,Both
6,18489,TRUE,TRUE,Both
6,18542,TRUE,TRUE,Both
6,18550,TRUE,TRUE,Both
6,18569,TRUE,TRUE,Both
6,18585,TRUE,TRUE,Both
6,18606,TRUE,TRUE,Both
6,18649,TRUE,TRUE,Both
6,18673,TRUE,TRUE,Both
6,18681,TRUE,TRUE,Both
6,18702,TRUE,TRUE,Both
6,18710,TRUE,TRUE,Both
6,18729,TRUE,TRUE,Both
6,18745,TRUE,TRUE,Both
6,18796,TRUE,TRUE,Both
6,18817,TRUE,TRUE,Both
6,18825,TRUE,TRUE,Both
6,18841,TRUE,TRUE,Both
6,18876,TRUE,TRUE,Both
6,18884,TRUE,TRUE,Both
6,18905,TRUE,TRUE,Both
6,18921,TRUE,TRUE,Both
6,18948,TRUE,TRUE,Both
6,18972,TRUE,TRUE,Both
6,18980,TRUE,TRUE,Both
6,18999,TRUE,TRUE,Both
6,19000,TRUE,TRUE,Both
6,19019,TRUE,TRUE,Both
6,19027,TRUE,TRUE,Both
6,19035,TRUE,TRUE,Both
6,19043,TRUE,TRUE,Both
6,19051,TRUE,TRUE,Both
6,19094,TRUE,TRUE,Both
6,19107,TRUE,TRUE,Both
6,19131,TRUE,TRUE,Both
6,19158,TRUE,TRUE,Both
6,19166,TRUE,TRUE,Both
6,19174,TRUE,TRUE,Both
6,19190,TRUE,TRUE,Both
6,19203,TRUE,TRUE,Both
6,19211,TRUE,TRUE,Both
6,19238,TRUE,TRUE,Both
6,19254,TRUE,TRUE,Both
6,19262,TRUE,TRUE,Both
6,19270,TRUE,TRUE,Both
6,19289,TRUE,TRUE,Both
6,19297,TRUE,TRUE,Both
6,19326,TRUE,TRUE,Both
6,19334,TRUE,TRUE,Both
6,19342,TRUE,TRUE,Both
6,19350,TRUE,TRUE,Both
6,19369,TRUE,TRUE,Both
6,19377,TRUE,TRUE,Both
6,19385,TRUE,TRUE,Both
6,19393,TRUE,TRUE,Both
6,19406,TRUE,TRUE,Both
6,19414,TRUE,TRUE,Both
6,19422,TRUE,TRUE,Both
6,19430,TRUE,TRUE,Both
6,19502,TRUE,TRUE,Both
6,19510,TRUE,TRUE,Both
6,19537,TRUE,TRUE,Both
6,19553,TRUE,TRUE,Both
6,19561,TRUE,TRUE,Both
6,19596,TRUE,TRUE,Both
6,19617,TRUE,TRUE,Both
6,19625,TRUE,TRUE,Both
6,19633,TRUE,TRUE,Both
6,19641,TRUE,TRUE,Both
6,19668,TRUE,TRUE,Both
6,19676,TRUE,TRUE,Both
6,19684,TRUE,TRUE,Both
6,19692,TRUE,TRUE,Both
6,19705,TRUE,TRUE,Both
6,19713,TRUE,TRUE,Both
6,19721,TRUE,TRUE,Both
6,19748,TRUE,TRUE,Both
6,19756,TRUE,TRUE,Both
6,19764,TRUE,TRUE,Both
6,19772,TRUE,TRUE,Both
6,19780,TRUE,TRUE,Both
6,19799,TRUE,TRUE,Both
6,19828,TRUE,TRUE,Both
6,19836,TRUE,TRUE,Both
6,19844,TRUE,TRUE,Both
6,19852,TRUE,TRUE,Both
6,19860,TRUE,TRUE,Both
6,19879,TRUE,TRUE,Both
6,19887,TRUE,TRUE,Both
6,19895,TRUE,TRUE,Both
6,19908,TRUE,TRUE,Both
6,19932,TRUE,TRUE,Both
6,19940,TRUE,TRUE,Both
6,19959,TRUE,TRUE,Both
6,19967,TRUE,TRUE,Both
6,19975,TRUE,TRUE,Both
6,19983,TRUE,TRUE,Both
6,19991,TRUE,TRUE,Both
6,20001,TRUE,TRUE,Both
6,20028,TRUE,TRUE,Both
6,20036,TRUE,TRUE,Both
6,20052,TRUE,TRUE,Both
6,20060,TRUE,TRUE,Both
6,20079,TRUE,TRUE,Both
6,20087,TRUE,TRUE,Both
6,20095,TRUE,TRUE,Both
6,20108,TRUE,TRUE,Both
6,20116,TRUE,TRUE,Both
6,20124,TRUE,TRUE,Both
6,20132,TRUE,TRUE,Both
6,20140,TRUE,TRUE,Both
6,20159,TRUE,TRUE,Both
6,20167,TRUE,TRUE,Both
6,20175,TRUE,TRUE,Both
6,20183,TRUE,TRUE,Both
6,20204,TRUE,TRUE,Both
6,20212,TRUE,TRUE,Both
6,20220,TRUE,TRUE,Both
6,20239,TRUE,TRUE,Both
6,20247,TRUE,TRUE,Both
6,20255,TRUE,TRUE,Both
6,20263,TRUE,TRUE,Both
6,20298,TRUE,TRUE,Both
6,20300,TRUE,TRUE,Both
6,20327,TRUE,TRUE,Both
6,20335,TRUE,TRUE,Both
6,20343,TRUE,TRUE,Both
6,20351,TRUE,TRUE,Both
6,20378,TRUE,TRUE,Both
6,20386,TRUE,TRUE,Both
6,20394,TRUE,TRUE,Both
6,20407,TRUE,TRUE,Both
6,20415,TRUE,TRUE,Both
6,20423,TRUE,TRUE,Both
6,20431,TRUE,TRUE,Both
6,20458,TRUE,TRUE,Both
6,20474,TRUE,TRUE,Both
6,20482,TRUE,TRUE,Both
6,20490,TRUE,TRUE,Both
6,20503,TRUE,TRUE,Both
6,20511,TRUE,TRUE,Both
6,20538,TRUE,TRUE,Both
6,20546,TRUE,TRUE,Both
6,20554,TRUE,TRUE,Both
6,20562,TRUE,TRUE,Both
6,20570,TRUE,TRUE,Both
6,20589,TRUE,TRUE,Both
6,20597,TRUE,TRUE,Both
6,20618,TRUE,TRUE,Both
6,20626,TRUE,TRUE,Both
6,20634,TRUE,TRUE,Both
6,20650,TRUE,TRUE,Both
6,20669,TRUE,TRUE,Both
6,20677,TRUE,TRUE,Both
6,20693,TRUE,TRUE,Both
6,20706,TRUE,TRUE,Both
6,20714,TRUE,TRUE,Both
6,20722,TRUE,TRUE,Both
6,20730,TRUE,TRUE,Both
6,20749,TRUE,TRUE,Both
6,20757,TRUE,TRUE,Both
6,20765,TRUE,TRUE,Both
6,20773,TRUE,TRUE,Both
6,20781,TRUE,TRUE,Both
6,20802,TRUE,TRUE,Both
6,20810,TRUE,TRUE,Both
6,20829,TRUE,TRUE,Both
6,20837,TRUE,TRUE,Both
6,20845,TRUE,TRUE,Both
6,20853,TRUE,TRUE,Both
6,20888,TRUE,TRUE,Both
6,20909,TRUE,TRUE,Both
6,20917,TRUE,TRUE,Both
6,20925,TRUE,TRUE,Both
6,20933,TRUE,TRUE,Both
6,20941,TRUE,TRUE,Both
6,20968,TRUE,TRUE,Both
6,20976,TRUE,TRUE,Both
6,20984,TRUE,TRUE,Both
6,20992,TRUE,TRUE,Both
6,21004,TRUE,TRUE,Both
6,21012,TRUE,TRUE,Both
6,21020,TRUE,TRUE,Both
6,21039,TRUE,TRUE,Both
6,21047,TRUE,TRUE,Both
6,21055,TRUE,TRUE,Both
6,21071,TRUE,TRUE,Both
6,21098,TRUE,TRUE,Both
6,21119,TRUE,TRUE,Both
6,21127,TRUE,TRUE,Both
6,21135,TRUE,TRUE,Both
6,21143,TRUE,TRUE,Both
6,21151,TRUE,TRUE,Both
6,21178,TRUE,TRUE,Both
6,21186,TRUE,TRUE,Both
6,21194,TRUE,TRUE,Both
6,21207,TRUE,TRUE,Both
6,21215,TRUE,TRUE,Both
6,21223,TRUE,TRUE,Both
6,21231,TRUE,TRUE,Both
6,21258,TRUE,TRUE,Both
6,21266,TRUE,TRUE,Both
6,21274,TRUE,TRUE,Both
6,21282,TRUE,TRUE,Both
6,21290,TRUE,TRUE,Both
6,21303,TRUE,TRUE,Both
6,21311,TRUE,TRUE,Both
6,21338,TRUE,TRUE,Both
6,21346,TRUE,TRUE,Both
6,21354,TRUE,TRUE,Both
6,21370,TRUE,TRUE,Both
6,21389,TRUE,TRUE,Both
6,21397,TRUE,TRUE,Both
6,21418,TRUE,TRUE,Both
6,21426,TRUE,TRUE,Both
6,21434,TRUE,TRUE,Both
6,21442,TRUE,TRUE,Both
6,21450,TRUE,TRUE,Both
6,21469,TRUE,TRUE,Both
6,21477,TRUE,TRUE,Both
6,21485,TRUE,TRUE,Both
6,21493,TRUE,TRUE,Both
6,21506,TRUE,TRUE,Both
6,21514,TRUE,TRUE,Both
6,21522,TRUE,TRUE,Both
6,21530,TRUE,TRUE,Both
6,21549,TRUE,TRUE,Both
6,21557,TRUE,TRUE,Both
6,21565,TRUE,TRUE,Both
6,21573,TRUE,TRUE,Both
6,21602,TRUE,TRUE,Both
6,21610,TRUE,TRUE,Both
6,21629,TRUE,TRUE,Both
6,21645,TRUE,TRUE,Both
6,21653,TRUE,TRUE,Both
6,21661,TRUE,TRUE,Both
6,21688,TRUE,TRUE,Both
6,21696,TRUE,TRUE,Both
6,21709,TRUE,TRUE,Both
6,21717,TRUE,TRUE,Both
6,21733,TRUE,TRUE,Both
6,21741,TRUE,TRUE,Both
6,21768,TRUE,TRUE,Both
6,21776,TRUE,TRUE,Both
6,21784,TRUE,TRUE,Both
6,21792,TRUE,TRUE,Both
6,21805,TRUE,TRUE,Both
6,21813,TRUE,TRUE,Both
6,21821,TRUE,TRUE,Both
6,21856,TRUE,TRUE,Both
6,21864,TRUE,TRUE,Both
6,21872,TRUE,TRUE,Both
6,21899,TRUE,TRUE,Both
6,21901,TRUE,TRUE,Both
6,21928,TRUE,TRUE,Both
6,21936,TRUE,TRUE,Both
6,21952,TRUE,TRUE,Both
6,21960,TRUE,TRUE,Both
6,21979,TRUE,TRUE,Both
6,21987,TRUE,TRUE,Both
6,21995,TRUE,TRUE,Both
6,22007,TRUE,TRUE,Both
6,22015,TRUE,TRUE,Both
6,22023,TRUE,TRUE,Both
6,22031,TRUE,TRUE,Both
6,22058,TRUE,TRUE,Both
6,22066,TRUE,TRUE,Both
6,22074,TRUE,TRUE,Both
6,22082,TRUE,TRUE,Both
6,22090,TRUE,TRUE,Both
6,22103,TRUE,TRUE,Both
6,22111,TRUE,TRUE,Both
6,22138,TRUE,TRUE,Both
6,22154,TRUE,TRUE,Both
6,22162,TRUE,TRUE,Both
6,22170,TRUE,TRUE,Both
6,22189,TRUE,TRUE,Both
6,22197,TRUE,TRUE,Both
6,22218,TRUE,TRUE,Both
6,22226,TRUE,TRUE,Both
6,22234,TRUE,TRUE,Both
6,22242,TRUE,TRUE,Both
6,22250,TRUE,TRUE,Both
6,22269,TRUE,TRUE,Both
6,22277,TRUE,TRUE,Both
6,22285,TRUE,TRUE,Both
6,22293,TRUE,TRUE,Both
6,22306,TRUE,TRUE,Both
6,22314,TRUE,TRUE,Both
6,22322,TRUE,TRUE,Both
6,22330,TRUE,TRUE,Both
6,22349,TRUE,TRUE,Both
6,22357,TRUE,TRUE,Both
6,22365,TRUE,TRUE,Both
6,22373,TRUE,TRUE,Both
6,22381,TRUE,TRUE,Both
6,22402,TRUE,TRUE,Both
6,22410,TRUE,TRUE,Both
6,22429,TRUE,TRUE,Both
6,22437,TRUE,TRUE,Both
6,22445,TRUE,TRUE,Both
6,22453,TRUE,TRUE,Both
6,22461,TRUE,TRUE,Both
6,22488,TRUE,TRUE,Both
6,22496,TRUE,TRUE,Both
6,22509,TRUE,TRUE,Both
6,22517,TRUE,TRUE,Both
6,22525,TRUE,TRUE,Both
6,22533,FALSE,FALSE,Neither
6,22541,FALSE,FALSE,Neither
6,22568,FALSE,FALSE,Neither
6,22576,FALSE,FALSE,Neither
6,22592,FALSE,FALSE,Neither
6,22605,FALSE,FALSE,Neither
6,22613,FALSE,FALSE,Neither
6,22621,FALSE,FALSE,Neither
6,22648,FALSE,FALSE,Neither
6,22656,FALSE,FALSE,Neither
6,22664,FALSE,FALSE,Neither
6,22672,FALSE,FALSE,Neither
6,22680,FALSE,FALSE,Neither
6,22699,FALSE,FALSE,Neither
6,22701,FALSE,FALSE,Neither
6,22728,FALSE,FALSE,Neither
6,22736,FALSE,FALSE,Neither
6,22744,FALSE,FALSE,Neither
6,22752,FALSE,FALSE,Neither
6,22760,FALSE,FALSE,Neither
6,22779,FALSE,FALSE,Neither
6,22787,FALSE,FALSE,Neither
6,22795,FALSE,FALSE,Neither
6,22808,FALSE,FALSE,Neither
6,22816,FALSE,FALSE,Neither
6,22824,FALSE,FALSE,Neither
6,22832,FALSE,FALSE,Neither
6,22840,FALSE,FALSE,Neither
6,22859,FALSE,FALSE,Neither
6,22867,FALSE,FALSE,Neither
6,22875,FALSE,FALSE,Neither
6,22883,FALSE,FALSE,Neither
6,22891,FALSE,FALSE,Neither
6,22904,FALSE,FALSE,Neither
6,22912,FALSE,FALSE,Neither
6,22920,FALSE,FALSE,Neither
6,22939,FALSE,FALSE,Neither
6,22947,FALSE,FALSE,Neither
6,22955,FALSE,FALSE,Neither
6,22963,FALSE,FALSE,Neither
6,22971,FALSE,FALSE,Neither
6,22998,FALSE,FALSE,Neither
6,23018,FALSE,FALSE,Neither
6,23026,FALSE,FALSE,Neither
6,23034,FALSE,FALSE,Neither
6,23042,FALSE,FALSE,Neither
6,23050,FALSE,FALSE,Neither
6,23069,FALSE,FALSE,Neither
6,23077,FALSE,FALSE,Neither
6,23085,FALSE,FALSE,Neither
6,23106,FALSE,FALSE,Neither
6,23114,FALSE,FALSE,Neither
6,23122,FALSE,FALSE,Neither
6,23130,FALSE,FALSE,Neither
6,23149,FALSE,FALSE,Neither
6,23165,FALSE,FALSE,Neither
6,23173,FALSE,FALSE,Neither
6,23202,FALSE,FALSE,Neither
6,23210,FALSE,FALSE,Neither
6,23229,FALSE,FALSE,Neither
6,23237,FALSE,FALSE,Neither
6,23245,FALSE,FALSE,Neither
6,23253,FALSE,FALSE,Neither
6,23261,FALSE,FALSE,Neither
6,23288,FALSE,FALSE,Neither
6,23296,FALSE,FALSE,Neither
6,23309,FALSE,FALSE,Neither
6,23317,FALSE,FALSE,Neither
6,23325,FALSE,FALSE,Neither
6,23333,FALSE,FALSE,Neither
6,23341,FALSE,FALSE,Neither
6,23376,FALSE,FALSE,Neither
6,23384,FALSE,FALSE,Neither
6,23405,FALSE,FALSE,Neither
6,23413,FALSE,FALSE,Neither
6,23421,FALSE,FALSE,Neither
6,23448,FALSE,FALSE,Neither
6,23456,FALSE,FALSE,Neither
6,23464,FALSE,FALSE,Neither
6,23472,FALSE,FALSE,Neither
6,23480,FALSE,FALSE,Neither
6,23499,FALSE,FALSE,Neither
6,23501,FALSE,FALSE,Neither
6,23528,FALSE,FALSE,Neither
6,23536,FALSE,FALSE,Neither
6,23544,FALSE,FALSE,Neither
6,23552,FALSE,FALSE,Neither
6,23560,FALSE,FALSE,Neither
6,23579,FALSE,FALSE,Neither
6,23587,FALSE,FALSE,Neither
6,23595,FALSE,FALSE,Neither
6,23616,FALSE,FALSE,Neither
6,23624,FALSE,FALSE,Neither
6,23632,FALSE,FALSE,Neither
6,23640,FALSE,FALSE,Neither
6,23659,FALSE,FALSE,Neither
6,23667,FALSE,FALSE,Neither
6,23675,FALSE,FALSE,Neither
6,23683,FALSE,FALSE,Neither
6,23691,FALSE,FALSE,Neither
6,23704,FALSE,FALSE,Neither
6,23712,FALSE,FALSE,Neither
6,23720,FALSE,FALSE,Neither
6,23739,FALSE,FALSE,Neither
6,23747,FALSE,FALSE,Neither
6,23755,FALSE,FALSE,Neither
6,23771,FALSE,FALSE,Neither
6,23798,FALSE,FALSE,Neither
6,23800,FALSE,FALSE,Neither
6,23819,FALSE,FALSE,Neither
6,23827,FALSE,FALSE,Neither
6,23835,FALSE,FALSE,Neither
6,23843,FALSE,FALSE,Neither
6,23851,FALSE,FALSE,Neither
6,23878,FALSE,FALSE,Neither
6,23886,FALSE,FALSE,Neither
6,23894,FALSE,FALSE,Neither
6,23907,FALSE,FALSE,Neither
6,23915,FALSE,FALSE,Neither
6,23923,FALSE,FALSE,Neither
6,23931,FALSE,FALSE,Neither
6,23958,FALSE,FALSE,Neither
6,23966,FALSE,FALSE,Neither
6,23974,FALSE,FALSE,Neither
6,23982,FALSE,FALSE,Neither
6,23990,FALSE,FALSE,Neither
6,24002,FALSE,FALSE,Neither
6,24010,FALSE,FALSE,Neither
6,24037,FALSE,FALSE,Neither
6,24045,FALSE,FALSE,Neither
6,24053,FALSE,FALSE,Neither
6,24061,FALSE,FALSE,Neither
6,24088,FALSE,FALSE,Neither
6,24096,FALSE,FALSE,Neither
6,24109,FALSE,FALSE,Neither
6,24117,FALSE,FALSE,Neither
6,24125,FALSE,FALSE,Neither
6,24141,FALSE,FALSE,Neither
6,24168,FALSE,FALSE,Neither
6,24176,FALSE,FALSE,Neither
6,24184,FALSE,FALSE,Neither
6,24192,FALSE,FALSE,Neither
6,24205,FALSE,FALSE,Neither
6,24213,FALSE,FALSE,Neither
6,24221,FALSE,FALSE,Neither
6,24248,FALSE,FALSE,Neither
6,24256,FALSE,FALSE,Neither
6,24272,FALSE,FALSE,Neither
6,24280,FALSE,FALSE,Neither
6,24299,FALSE,FALSE,Neither
6,24301,FALSE,FALSE,Neither
6,24328,FALSE,FALSE,Neither
6,24336,FALSE,FALSE,Neither
6,24344,FALSE,FALSE,Neither
6,24352,FALSE,FALSE,Neither
6,24360,FALSE,FALSE,Neither
6,24379,FALSE,FALSE,Neither
6,24387,FALSE,FALSE,Neither
6,24395,FALSE,FALSE,Neither
6,24408,FALSE,FALSE,Neither
6,24416,FALSE,FALSE,Neither
6,24424,FALSE,FALSE,Neither
6,24432,FALSE,FALSE,Neither
6,24440,FALSE,FALSE,Neither
6,24459,FALSE,FALSE,Neither
6,24467,FALSE,FALSE,Neither
6,24483,FALSE,FALSE,Neither
6,24491,FALSE,FALSE,Neither
6,24504,FALSE,FALSE,Neither
6,24512,TRUE,TRUE,Both
6,24520,FALSE,FALSE,Neither
6,24539,FALSE,FALSE,Neither
6,24547,FALSE,FALSE,Neither
6,24555,FALSE,FALSE,Neither
6,24563,FALSE,FALSE,Neither
6,24571,FALSE,FALSE,Neither
6,24598,FALSE,FALSE,Neither
6,24600,FALSE,FALSE,Neither
6,24619,FALSE,FALSE,Neither
6,24627,FALSE,FALSE,Neither
6,24635,FALSE,FALSE,Neither
6,24643,FALSE,FALSE,Neither
6,24651,FALSE,FALSE,Neither
6,24678,FALSE,FALSE,Neither
6,24686,FALSE,FALSE,Neither
6,24694,FALSE,FALSE,Neither
6,24707,FALSE,FALSE,Neither
6,24715,FALSE,FALSE,Neither
6,24723,FALSE,FALSE,Neither
6,24731,FALSE,FALSE,Neither
6,24758,FALSE,FALSE,Neither
6,24766,FALSE,FALSE,Neither
6,24774,FALSE,FALSE,Neither
6,24782,FALSE,FALSE,Neither
6,24790,FALSE,FALSE,Neither
6,24803,FALSE,FALSE,Neither
6,24811,FALSE,FALSE,Neither
6,24846,FALSE,FALSE,Neither
6,24854,FALSE,FALSE,Neither
6,24862,FALSE,FALSE,Neither
6,24870,FALSE,FALSE,Neither
6,24889,FALSE,FALSE,Neither
6,24897,FALSE,FALSE,Neither
6,24918,FALSE,FALSE,Neither
6,24926,FALSE,FALSE,Neither
6,24934,FALSE,FALSE,Neither
6,24942,FALSE,FALSE,Neither
6,24950,FALSE,FALSE,Neither
6,24969,FALSE,FALSE,Neither
6,24977,FALSE,FALSE,Neither
6,24985,FALSE,FALSE,Neither
6,24993,FALSE,FALSE,Neither
6,25005,FALSE,FALSE,Neither
6,25013,FALSE,FALSE,Neither
6,25021,FALSE,FALSE,Neither
6,25048,FALSE,FALSE,Neither
6,25056,FALSE,FALSE,Neither
6,25064,FALSE,FALSE,Neither
6,25072,FALSE,FALSE,Neither
6,25080,FALSE,FALSE,Neither
6,25099,FALSE,FALSE,Neither
6,25101,FALSE,FALSE,Neither
6,25128,FALSE,FALSE,Neither
6,25136,FALSE,FALSE,Neither
6,25144,FALSE,FALSE,Neither
6,25152,FALSE,FALSE,Neither
6,25160,FALSE,FALSE,Neither
6,25179,FALSE,FALSE,Neither
6,25187,TRUE,TRUE,Both
6,25195,FALSE,FALSE,Neither
6,25208,FALSE,FALSE,Neither
6,25216,FALSE,FALSE,Neither
6,25224,FALSE,FALSE,Neither
6,25232,FALSE,FALSE,Neither
6,25240,FALSE,FALSE,Neither
6,25259,TRUE,TRUE,Both
6,25275,FALSE,FALSE,Neither
6,25283,FALSE,FALSE,Neither
6,25291,FALSE,FALSE,Neither
6,25304,FALSE,FALSE,Neither
6,25312,FALSE,FALSE,Neither
6,25320,FALSE,FALSE,Neither
6,25339,FALSE,FALSE,Neither
6,25347,FALSE,FALSE,Neither
6,25355,FALSE,FALSE,Neither
6,25363,FALSE,FALSE,Neither
6,25371,FALSE,FALSE,Neither
6,25398,FALSE,FALSE,Neither
6,25400,FALSE,FALSE,Neither
6,25419,FALSE,FALSE,Neither
6,25435,TRUE,TRUE,Both
6,25486,TRUE,TRUE,Both
6,25566,TRUE,TRUE,Both
6,25822,TRUE,TRUE,Both
6,26972,TRUE,TRUE,Both
6,27561,TRUE,TRUE,Both
6,27692,TRUE,TRUE,Both
6,28281,TRUE,TRUE,Both
6,28513,TRUE,TRUE,Both
6,53023,FALSE,FALSE,Neither
6,75471,TRUE,TRUE,Both
6,86239,TRUE,TRUE,Both
7,10006,TRUE,TRUE,Both
7,10014,TRUE,TRUE,Both
7,10022,TRUE,TRUE,Both
7,10030,TRUE,TRUE,Both
7,10057,TRUE,TRUE,Both
7,10102,TRUE,TRUE,Both
7,10137,TRUE,TRUE,Both
7,10145,TRUE,TRUE,Both
7,10153,TRUE,TRUE,Both
7,10161,TRUE,TRUE,Both
7,10188,TRUE,TRUE,Both
7,10196,TRUE,TRUE,Both
7,10209,TRUE,TRUE,Both
7,10217,TRUE,TRUE,Both
7,10225,TRUE,TRUE,Both
7,10233,TRUE,TRUE,Both
7,10241,TRUE,TRUE,Both
7,10268,TRUE,TRUE,Both
7,10276,TRUE,TRUE,Both
7,10292,TRUE,TRUE,Both
7,10313,TRUE,TRUE,Both
7,10321,TRUE,TRUE,Both
7,10364,TRUE,TRUE,Both
7,10372,TRUE,TRUE,Both
7,10401,TRUE,TRUE,Both
7,10436,TRUE,TRUE,Both
7,10444,TRUE,TRUE,Both
7,10460,TRUE,TRUE,Both
7,10479,TRUE,TRUE,Both
7,10487,TRUE,TRUE,Both
7,10495,TRUE,TRUE,Both
7,10516,TRUE,TRUE,Both
7,10524,TRUE,TRUE,Both
7,10532,TRUE,TRUE,Both
7,10559,TRUE,TRUE,Both
7,10575,TRUE,TRUE,Both
7,10591,TRUE,TRUE,Both
7,10604,TRUE,TRUE,Both
7,10620,TRUE,TRUE,Both
7,10647,FALSE,TRUE,B only
7,10671,TRUE,TRUE,Both
7,10698,TRUE,TRUE,Both
7,10727,TRUE,TRUE,Both
7,10735,TRUE,TRUE,Both
7,10743,TRUE,TRUE,Both
7,10751,TRUE,TRUE,Both
7,10786,TRUE,TRUE,Both
7,10807,TRUE,TRUE,Both
7,10823,TRUE,TRUE,Both
7,10866,TRUE,TRUE,Both
7,10874,TRUE,TRUE,Both
7,10890,TRUE,TRUE,Both
7,10911,TRUE,TRUE,Both
7,10938,TRUE,TRUE,Both
7,10954,TRUE,TRUE,Both
7,10970,TRUE,TRUE,Both
7,10989,TRUE,TRUE,Both
7,11017,TRUE,TRUE,Both
7,11033,TRUE,TRUE,Both
7,11068,TRUE,TRUE,Both
7,11076,TRUE,TRUE,Both
7,11084,TRUE,TRUE,Both
7,11092,TRUE,TRUE,Both
7,11105,TRUE,TRUE,Both
7,11113,TRUE,TRUE,Both
7,11148,TRUE,TRUE,Both
7,11156,TRUE,TRUE,Both
7,11164,TRUE,TRUE,Both
7,11244,FALSE,TRUE,B only
7,11260,TRUE,TRUE,Both
7,11287,TRUE,TRUE,Both
7,11295,TRUE,TRUE,Both
7,11308,TRUE,TRUE,Both
7,11316,TRUE,TRUE,Both
7,11332,TRUE,TRUE,Both
7,11340,TRUE,TRUE,Both
7,11359,TRUE,TRUE,Both
7,11367,TRUE,TRUE,Both
7,11375,TRUE,TRUE,Both
7,11391,FALSE,TRUE,B only
7,11404,TRUE,TRUE,Both
7,11439,TRUE,TRUE,Both
7,11447,TRUE,TRUE,Both
7,11455,TRUE,TRUE,Both
7,11463,TRUE,TRUE,Both
7,11471,TRUE,TRUE,Both
7,11498,TRUE,TRUE,Both
7,11500,TRUE,TRUE,Both
7,11527,TRUE,TRUE,Both
7,11543,TRUE,TRUE,Both
7,11607,TRUE,TRUE,Both
7,11658,TRUE,TRUE,Both
7,11666,TRUE,TRUE,Both
7,11674,TRUE,TRUE,Both
7,11690,TRUE,TRUE,Both
7,11703,TRUE,TRUE,Both
7,11746,TRUE,TRUE,Both
7,11754,TRUE,TRUE,Both
7,11762,TRUE,TRUE,Both
7,11770,TRUE,TRUE,Both
7,11826,TRUE,TRUE,Both
7,11834,TRUE,TRUE,Both
7,11850,TRUE,TRUE,Both
7,11885,TRUE,TRUE,Both
7,11922,TRUE,TRUE,Both
7,11949,TRUE,TRUE,Both
7,11981,TRUE,TRUE,Both
7,12001,TRUE,TRUE,Both
7,12036,TRUE,TRUE,Both
7,12044,TRUE,TRUE,Both
7,12052,TRUE,TRUE,Both
7,12060,TRUE,TRUE,Both
7,12079,TRUE,TRUE,Both
7,12087,TRUE,TRUE,Both
7,12095,TRUE,TRUE,Both
7,12108,TRUE,TRUE,Both
7,12124,TRUE,TRUE,Both
7,12132,TRUE,TRUE,Both
7,12140,TRUE,TRUE,Both
7,12159,TRUE,TRUE,Both
7,12167,TRUE,TRUE,Both
7,12183,TRUE,TRUE,Both
7,12191,TRUE,TRUE,Both
7,12204,FALSE,FALSE,Neither
7,12212,TRUE,TRUE,Both
7,12220,TRUE,TRUE,Both
7,12271,TRUE,TRUE,Both
7,12298,TRUE,TRUE,Both
7,12300,TRUE,TRUE,Both
7,12319,TRUE,TRUE,Both
7,12343,TRUE,TRUE,Both
7,12351,TRUE,TRUE,Both
7,12386,TRUE,TRUE,Both
7,12394,TRUE,TRUE,Both
7,12431,TRUE,TRUE,Both
7,12458,TRUE,TRUE,Both
7,12466,TRUE,TRUE,Both
7,12490,TRUE,TRUE,Both
7,12503,TRUE,TRUE,Both
7,12511,TRUE,TRUE,Both
7,12538,TRUE,TRUE,Both
7,12554,TRUE,TRUE,Both
7,12562,TRUE,TRUE,Both
7,12570,TRUE,TRUE,Both
7,12626,TRUE,TRUE,Both
7,12650,TRUE,TRUE,Both
7,12669,TRUE,TRUE,Both
7,12706,TRUE,TRUE,Both
7,12730,TRUE,TRUE,Both
7,12749,TRUE,TRUE,Both
7,12757,TRUE,TRUE,Both
7,12781,TRUE,TRUE,Both
7,12802,TRUE,TRUE,Both
7,12810,TRUE,TRUE,Both
7,12829,TRUE,TRUE,Both
7,12837,TRUE,TRUE,Both
7,12888,TRUE,TRUE,Both
7,12896,TRUE,TRUE,Both
7,12909,TRUE,TRUE,Both
7,12933,TRUE,TRUE,Both
7,12941,TRUE,TRUE,Both
7,12976,TRUE,TRUE,Both
7,12984,TRUE,TRUE,Both
7,13004,TRUE,TRUE,Both
7,13012,TRUE,TRUE,Both
7,13047,TRUE,TRUE,Both
7,13055,FALSE,TRUE,B only
7,13063,TRUE,TRUE,Both
7,13100,TRUE,TRUE,Both
7,13119,TRUE,TRUE,Both
7,13143,TRUE,TRUE,Both
7,13151,TRUE,TRUE,Both
7,13207,TRUE,TRUE,Both
7,13274,TRUE,TRUE,Both
7,13290,TRUE,TRUE,Both
7,13303,TRUE,TRUE,Both
7,13311,TRUE,TRUE,Both
7,13354,TRUE,TRUE,Both
7,13370,TRUE,TRUE,Both
7,13434,TRUE,TRUE,Both
7,13442,TRUE,TRUE,Both
7,13450,TRUE,TRUE,Both
7,13522,TRUE,TRUE,Both
7,13557,TRUE,TRUE,Both
7,13565,TRUE,TRUE,Both
7,13573,TRUE,TRUE,Both
7,13610,TRUE,TRUE,Both
7,13637,TRUE,TRUE,Both
7,13653,TRUE,TRUE,Both
7,13661,TRUE,TRUE,Both
7,13688,TRUE,TRUE,Both
7,13696,TRUE,TRUE,Both
7,13792,TRUE,TRUE,Both
7,13805,TRUE,TRUE,Both
7,13821,TRUE,TRUE,Both
7,13848,TRUE,TRUE,Both
7,13856,TRUE,TRUE,Both
7,13901,TRUE,TRUE,Both
7,13928,TRUE,TRUE,Both
7,13936,TRUE,TRUE,Both
7,13987,TRUE,TRUE,Both
7,14066,TRUE,TRUE,Both
7,14082,TRUE,TRUE,Both
7,14090,TRUE,TRUE,Both
7,14154,TRUE,TRUE,Both
7,14189,TRUE,TRUE,Both
7,14197,TRUE,TRUE,Both
7,14218,TRUE,TRUE,Both
7,14250,TRUE,TRUE,Both
7,14306,TRUE,TRUE,Both
7,14322,TRUE,TRUE,Both
7,14349,TRUE,TRUE,Both
7,14357,TRUE,TRUE,Both
7,14373,TRUE,TRUE,Both
7,14402,TRUE,TRUE,Both
7,14429,TRUE,TRUE,Both
7,14437,TRUE,TRUE,Both
7,14461,TRUE,TRUE,Both
7,14488,TRUE,TRUE,Both
7,14496,TRUE,TRUE,Both
7,14509,TRUE,TRUE,Both
7,14525,TRUE,TRUE,Both
7,14533,TRUE,TRUE,Both
7,14541,TRUE,TRUE,Both
7,14592,TRUE,TRUE,Both
7,14605,TRUE,TRUE,Both
7,14613,TRUE,TRUE,Both
7,14656,TRUE,TRUE,Both
7,14664,TRUE,TRUE,Both
7,14699,TRUE,TRUE,Both
7,14701,TRUE,TRUE,Both
7,14728,TRUE,TRUE,Both
7,14736,TRUE,TRUE,Both
7,14744,TRUE,TRUE,Both
7,14760,TRUE,TRUE,Both
7,14779,TRUE,TRUE,Both
7,14795,TRUE,TRUE,Both
7,14816,TRUE,TRUE,Both
7,14824,TRUE,TRUE,Both
7,14832,TRUE,TRUE,Both
7,14840,TRUE,TRUE,Both
7,14859,TRUE,TRUE,Both
7,14867,TRUE,TRUE,Both
7,14875,TRUE,TRUE,Both
7,14883,TRUE,TRUE,Both
7,14891,TRUE,TRUE,Both
7,14904,TRUE,TRUE,Both
7,14912,TRUE,TRUE,Both
7,14920,TRUE,TRUE,Both
7,14955,TRUE,TRUE,Both
7,15034,TRUE,TRUE,Both
7,15042,TRUE,TRUE,Both
7,15050,TRUE,TRUE,Both
7,15069,TRUE,TRUE,Both
7,15077,TRUE,TRUE,Both
7,15085,TRUE,TRUE,Both
7,15149,TRUE,TRUE,Both
7,15157,TRUE,TRUE,Both
7,15165,TRUE,TRUE,Both
7,15202,TRUE,TRUE,Both
7,15229,TRUE,TRUE,Both
7,15237,TRUE,TRUE,Both
7,15253,TRUE,TRUE,Both
7,15317,TRUE,TRUE,Both
7,15325,TRUE,TRUE,Both
7,15341,TRUE,TRUE,Both
7,15368,TRUE,TRUE,Both
7,15448,TRUE,TRUE,Both
7,15456,TRUE,TRUE,Both
7,15464,TRUE,TRUE,Both
7,15472,TRUE,TRUE,Both
7,15480,TRUE,TRUE,Both
7,15499,TRUE,TRUE,Both
7,15528,TRUE,TRUE,Both
7,15536,TRUE,TRUE,Both
7,15544,TRUE,TRUE,Both
7,15560,TRUE,TRUE,Both
7,15579,TRUE,TRUE,Both
7,15587,TRUE,TRUE,Both
7,15624,TRUE,TRUE,Both
7,15659,TRUE,TRUE,Both
7,15667,TRUE,TRUE,Both
7,15712,TRUE,TRUE,Both
7,15720,TRUE,TRUE,Both
7,15747,TRUE,TRUE,Both
7,15755,TRUE,TRUE,Both
7,15763,TRUE,TRUE,Both
7,15798,TRUE,TRUE,Both
7,15819,TRUE,TRUE,Both
7,15835,TRUE,TRUE,Both
7,15843,TRUE,TRUE,Both
7,15915,TRUE,TRUE,Both
7,15923,TRUE,TRUE,Both
7,15966,TRUE,TRUE,Both
7,15974,TRUE,TRUE,Both
7,15990,TRUE,TRUE,Both
7,16029,TRUE,TRUE,Both
7,16053,TRUE,TRUE,Both
7,16088,TRUE,TRUE,Both
7,16096,TRUE,TRUE,Both
7,16109,TRUE,TRUE,Both
7,16117,FALSE,TRUE,B only
7,16141,TRUE,TRUE,Both
7,16205,TRUE,TRUE,Both
7,16256,TRUE,TRUE,Both
7,16272,TRUE,TRUE,Both
7,16280,TRUE,TRUE,Both
7,16299,TRUE,TRUE,Both
7,16328,TRUE,TRUE,Both
7,16336,TRUE,TRUE,Both
7,16344,TRUE,TRUE,Both
7,16352,TRUE,TRUE,Both
7,16360,TRUE,TRUE,Both
7,16424,TRUE,TRUE,Both
7,16432,TRUE,TRUE,Both
7,16512,TRUE,TRUE,Both
7,16555,TRUE,TRUE,Both
7,16571,TRUE,TRUE,Both
7,16598,TRUE,TRUE,Both
7,16600,TRUE,TRUE,Both
7,16619,TRUE,TRUE,Both
7,16643,TRUE,TRUE,Both
7,16651,TRUE,TRUE,Both
7,16678,TRUE,TRUE,Both
7,16686,TRUE,TRUE,Both
7,16707,TRUE,TRUE,Both
7,16723,TRUE,TRUE,Both
7,16731,TRUE,TRUE,Both
7,16758,TRUE,TRUE,Both
7,16782,FALSE,TRUE,B only
7,16803,TRUE,TRUE,Both
7,16862,TRUE,TRUE,Both
7,16870,TRUE,TRUE,Both
7,16926,TRUE,TRUE,Both
7,16969,FALSE,TRUE,B only
7,16985,TRUE,TRUE,Both
7,17005,TRUE,TRUE,Both
7,17013,TRUE,TRUE,Both
7,17048,TRUE,TRUE,Both
7,17056,TRUE,TRUE,Both
7,17064,TRUE,TRUE,Both
7,17072,TRUE,TRUE,Both
7,17099,TRUE,TRUE,Both
7,17101,TRUE,TRUE,Both
7,17128,TRUE,TRUE,Both
7,17144,TRUE,TRUE,Both
7,17160,TRUE,TRUE,Both
7,17216,TRUE,TRUE,Both
7,17224,TRUE,TRUE,Both
7,17232,TRUE,TRUE,Both
7,17240,TRUE,TRUE,Both
7,17267,FALSE,TRUE,B only
7,17291,TRUE,TRUE,Both
7,17304,TRUE,TRUE,Both
7,17312,TRUE,TRUE,Both
7,17320,TRUE,TRUE,Both
7,17339,TRUE,TRUE,Both
7,17347,TRUE,TRUE,Both
7,17398,TRUE,TRUE,Both
7,17400,TRUE,TRUE,Both
7,17419,TRUE,TRUE,Both
7,17435,TRUE,TRUE,Both
7,17443,TRUE,TRUE,Both
7,17451,TRUE,TRUE,Both
7,17478,TRUE,TRUE,Both
7,17486,TRUE,TRUE,Both
7,17515,TRUE,TRUE,Both
7,17523,TRUE,TRUE,Both
7,17558,TRUE,TRUE,Both
7,17566,TRUE,TRUE,Both
7,17582,TRUE,TRUE,Both
7,17590,TRUE,TRUE,Both
7,17603,TRUE,TRUE,Both
7,17646,TRUE,TRUE,Both
7,17654,TRUE,TRUE,Both
7,17670,TRUE,TRUE,Both
7,17689,TRUE,TRUE,Both
7,17718,TRUE,TRUE,Both
7,17726,TRUE,TRUE,Both
7,17734,TRUE,TRUE,Both
7,17742,TRUE,TRUE,Both
7,17750,TRUE,TRUE,Both
7,17777,TRUE,TRUE,Both
7,17806,TRUE,TRUE,Both
7,17814,TRUE,TRUE,Both
7,17822,TRUE,TRUE,Both
7,17830,TRUE,TRUE,Both
7,17849,TRUE,TRUE,Both
7,17865,TRUE,TRUE,Both
7,17881,TRUE,TRUE,Both
7,17902,TRUE,TRUE,Both
7,17910,TRUE,TRUE,Both
7,17929,TRUE,TRUE,Both
7,17945,TRUE,TRUE,Both
7,17953,TRUE,TRUE,Both
7,17961,TRUE,TRUE,Both
7,18008,TRUE,TRUE,Both
7,18016,TRUE,TRUE,Both
7,18032,TRUE,TRUE,Both
7,18040,TRUE,TRUE,Both
7,18067,TRUE,TRUE,Both
7,18075,TRUE,TRUE,Both
7,18091,TRUE,TRUE,Both
7,18112,TRUE,TRUE,Both
7,18147,TRUE,TRUE,Both
7,18155,TRUE,TRUE,Both
7,18163,TRUE,TRUE,Both
7,18171,TRUE,TRUE,Both
7,18198,TRUE,TRUE,Both
7,18200,TRUE,TRUE,Both
7,18243,TRUE,TRUE,Both
7,18251,TRUE,TRUE,Both
7,18278,TRUE,TRUE,Both
7,18286,TRUE,TRUE,Both
7,18315,TRUE,TRUE,Both
7,18331,TRUE,TRUE,Both
7,18358,TRUE,TRUE,Both
7,18366,TRUE,TRUE,Both
7,18374,TRUE,TRUE,Both
7,18382,TRUE,TRUE,Both
7,18390,TRUE,TRUE,Both
7,18403,TRUE,TRUE,Both
7,18411,TRUE,TRUE,Both
7,18438,TRUE,TRUE,Both
7,18446,TRUE,TRUE,Both
7,18454,TRUE,TRUE,Both
7,18462,TRUE,TRUE,Both
7,18489,TRUE,TRUE,Both
7,18542,TRUE,TRUE,Both
7,18550,TRUE,TRUE,Both
7,18569,TRUE,TRUE,Both
7,18585,TRUE,TRUE,Both
7,18606,TRUE,TRUE,Both
7,18649,TRUE,TRUE,Both
7,18673,TRUE,TRUE,Both
7,18681,TRUE,TRUE,Both
7,18702,TRUE,TRUE,Both
7,18710,TRUE,TRUE,Both
7,18729,TRUE,TRUE,Both
7,18796,TRUE,TRUE,Both
7,18817,TRUE,TRUE,Both
7,18825,TRUE,TRUE,Both
7,18841,TRUE,TRUE,Both
7,18876,TRUE,TRUE,Both
7,18884,TRUE,TRUE,Both
7,18905,TRUE,TRUE,Both
7,18921,TRUE,TRUE,Both
7,18948,TRUE,TRUE,Both
7,18980,TRUE,TRUE,Both
7,18999,TRUE,TRUE,Both
7,19000,TRUE,TRUE,Both
7,19019,TRUE,TRUE,Both
7,19027,TRUE,TRUE,Both
7,19035,TRUE,TRUE,Both
7,19043,TRUE,TRUE,Both
7,19051,TRUE,TRUE,Both
7,19107,TRUE,TRUE,Both
7,19131,TRUE,TRUE,Both
7,19158,TRUE,TRUE,Both
7,19166,TRUE,TRUE,Both
7,19174,TRUE,TRUE,Both
7,19190,TRUE,TRUE,Both
7,19203,TRUE,TRUE,Both
7,19211,TRUE,TRUE,Both
7,19238,TRUE,TRUE,Both
7,19254,TRUE,TRUE,Both
7,19270,TRUE,TRUE,Both
7,19289,TRUE,TRUE,Both
7,19297,TRUE,TRUE,Both
7,19326,TRUE,TRUE,Both
7,19334,TRUE,TRUE,Both
7,19350,TRUE,TRUE,Both
7,19377,TRUE,TRUE,Both
7,19385,TRUE,TRUE,Both
7,19393,TRUE,TRUE,Both
7,19406,TRUE,TRUE,Both
7,19414,TRUE,TRUE,Both
7,19430,TRUE,TRUE,Both
7,19502,TRUE,TRUE,Both
7,19510,TRUE,TRUE,Both
7,19537,TRUE,TRUE,Both
7,19553,TRUE,TRUE,Both
7,19561,TRUE,TRUE,Both
7,19596,TRUE,TRUE,Both
7,19617,TRUE,TRUE,Both
7,19625,TRUE,TRUE,Both
7,19633,FALSE,TRUE,B only
7,19641,TRUE,TRUE,Both
7,19668,TRUE,TRUE,Both
7,19676,TRUE,TRUE,Both
7,19684,TRUE,TRUE,Both
7,19692,TRUE,TRUE,Both
7,19713,TRUE,TRUE,Both
7,19721,TRUE,TRUE,Both
7,19748,TRUE,TRUE,Both
7,19756,TRUE,TRUE,Both
7,19764,TRUE,TRUE,Both
7,19772,TRUE,TRUE,Both
7,19799,FALSE,TRUE,B only
7,19828,TRUE,TRUE,Both
7,19836,TRUE,TRUE,Both
7,19844,TRUE,TRUE,Both
7,19852,TRUE,TRUE,Both
7,19860,TRUE,TRUE,Both
7,19879,TRUE,TRUE,Both
7,19887,TRUE,TRUE,Both
7,19895,TRUE,TRUE,Both
7,19908,TRUE,TRUE,Both
7,19932,TRUE,TRUE,Both
7,19940,TRUE,TRUE,Both
7,19967,TRUE,TRUE,Both
7,19975,TRUE,TRUE,Both
7,19983,TRUE,TRUE,Both
7,20001,TRUE,TRUE,Both
7,20036,TRUE,TRUE,Both
7,20052,TRUE,TRUE,Both
7,20060,TRUE,TRUE,Both
7,20079,TRUE,TRUE,Both
7,20087,TRUE,TRUE,Both
7,20095,TRUE,TRUE,Both
7,20116,TRUE,TRUE,Both
7,20124,TRUE,TRUE,Both
7,20132,TRUE,TRUE,Both
7,20140,FALSE,TRUE,B only
7,20167,TRUE,TRUE,Both
7,20175,TRUE,TRUE,Both
7,20183,TRUE,TRUE,Both
7,20204,TRUE,TRUE,Both
7,20212,TRUE,TRUE,Both
7,20220,TRUE,TRUE,Both
7,20239,TRUE,TRUE,Both
7,20247,TRUE,TRUE,Both
7,20255,TRUE,TRUE,Both
7,20263,TRUE,TRUE,Both
7,20298,TRUE,TRUE,Both
7,20327,TRUE,TRUE,Both
7,20335,TRUE,TRUE,Both
7,20343,TRUE,TRUE,Both
7,20351,TRUE,TRUE,Both
7,20378,TRUE,TRUE,Both
7,20386,TRUE,TRUE,Both
7,20394,TRUE,TRUE,Both
7,20407,TRUE,TRUE,Both
7,20415,TRUE,TRUE,Both
7,20423,TRUE,TRUE,Both
7,20431,TRUE,TRUE,Both
7,20458,TRUE,TRUE,Both
7,20474,TRUE,TRUE,Both
7,20482,TRUE,TRUE,Both
7,20490,TRUE,TRUE,Both
7,20503,TRUE,TRUE,Both
7,20511,FALSE,TRUE,B only
7,20538,TRUE,TRUE,Both
7,20546,TRUE,TRUE,Both
7,20562,TRUE,TRUE,Both
7,20570,TRUE,TRUE,Both
7,20589,TRUE,TRUE,Both
7,20597,TRUE,TRUE,Both
7,20618,TRUE,TRUE,Both
7,20626,TRUE,TRUE,Both
7,20669,TRUE,TRUE,Both
7,20677,TRUE,TRUE,Both
7,20693,TRUE,TRUE,Both
7,20706,TRUE,TRUE,Both
7,20714,TRUE,TRUE,Both
7,20730,TRUE,TRUE,Both
7,20757,TRUE,TRUE,Both
7,20765,TRUE,TRUE,Both
7,20773,TRUE,TRUE,Both
7,20781,TRUE,TRUE,Both
7,20802,TRUE,TRUE,Both
7,20829,TRUE,TRUE,Both
7,20837,TRUE,TRUE,Both
7,20845,TRUE,TRUE,Both
7,20853,TRUE,TRUE,Both
7,20888,TRUE,TRUE,Both
7,20909,TRUE,TRUE,Both
7,20917,TRUE,TRUE,Both
7,20925,TRUE,TRUE,Both
7,20933,TRUE,TRUE,Both
7,20968,TRUE,TRUE,Both
7,20976,TRUE,TRUE,Both
7,20984,TRUE,TRUE,Both
7,20992,TRUE,TRUE,Both
7,21004,TRUE,TRUE,Both
7,21020,TRUE,TRUE,Both
7,21039,TRUE,TRUE,Both
7,21047,TRUE,TRUE,Both
7,21055,TRUE,TRUE,Both
7,21071,TRUE,TRUE,Both
7,21098,TRUE,TRUE,Both
7,21119,TRUE,TRUE,Both
7,21127,TRUE,TRUE,Both
7,21135,TRUE,TRUE,Both
7,21143,TRUE,TRUE,Both
7,21151,TRUE,TRUE,Both
7,21178,TRUE,TRUE,Both
7,21186,TRUE,TRUE,Both
7,21194,TRUE,TRUE,Both
7,21207,TRUE,TRUE,Both
7,21215,TRUE,TRUE,Both
7,21223,TRUE,TRUE,Both
7,21231,TRUE,TRUE,Both
7,21258,TRUE,TRUE,Both
7,21266,TRUE,TRUE,Both
7,21274,TRUE,TRUE,Both
7,21282,TRUE,TRUE,Both
7,21290,TRUE,TRUE,Both
7,21303,TRUE,TRUE,Both
7,21311,FALSE,TRUE,B only
7,21338,TRUE,TRUE,Both
7,21346,TRUE,TRUE,Both
7,21354,TRUE,TRUE,Both
7,21370,TRUE,TRUE,Both
7,21389,TRUE,TRUE,Both
7,21397,TRUE,TRUE,Both
7,21418,TRUE,TRUE,Both
7,21426,TRUE,TRUE,Both
7,21434,TRUE,TRUE,Both
7,21442,TRUE,TRUE,Both
7,21450,TRUE,TRUE,Both
7,21469,TRUE,TRUE,Both
7,21477,TRUE,TRUE,Both
7,21485,TRUE,TRUE,Both
7,21493,TRUE,TRUE,Both
7,21506,TRUE,TRUE,Both
7,21514,TRUE,TRUE,Both
7,21522,TRUE,TRUE,Both
7,21530,TRUE,TRUE,Both
7,21549,TRUE,TRUE,Both
7,21557,TRUE,TRUE,Both
7,21573,TRUE,TRUE,Both
7,21602,TRUE,TRUE,Both
7,21610,TRUE,TRUE,Both
7,21629,TRUE,TRUE,Both
7,21645,TRUE,TRUE,Both
7,21653,TRUE,TRUE,Both
7,21661,TRUE,TRUE,Both
7,21688,TRUE,TRUE,Both
7,21696,TRUE,TRUE,Both
7,21709,TRUE,TRUE,Both
7,21717,TRUE,TRUE,Both
7,21733,TRUE,TRUE,Both
7,21741,TRUE,TRUE,Both
7,21768,TRUE,TRUE,Both
7,21776,TRUE,TRUE,Both
7,21784,TRUE,TRUE,Both
7,21792,TRUE,TRUE,Both
7,21813,TRUE,TRUE,Both
7,21821,TRUE,TRUE,Both
7,21856,TRUE,TRUE,Both
7,21864,TRUE,TRUE,Both
7,21872,TRUE,TRUE,Both
7,21899,TRUE,TRUE,Both
7,21901,TRUE,TRUE,Both
7,21928,TRUE,TRUE,Both
7,21936,TRUE,TRUE,Both
7,21960,TRUE,TRUE,Both
7,21979,TRUE,TRUE,Both
7,21987,TRUE,TRUE,Both
7,21995,TRUE,TRUE,Both
7,22007,TRUE,TRUE,Both
7,22015,TRUE,TRUE,Both
7,22023,TRUE,TRUE,Both
7,22031,TRUE,TRUE,Both
7,22058,TRUE,TRUE,Both
7,22066,TRUE,TRUE,Both
7,22074,TRUE,TRUE,Both
7,22082,TRUE,TRUE,Both
7,22090,TRUE,TRUE,Both
7,22103,TRUE,TRUE,Both
7,22111,TRUE,TRUE,Both
7,22138,TRUE,TRUE,Both
7,22154,TRUE,TRUE,Both
7,22162,TRUE,TRUE,Both
7,22170,TRUE,TRUE,Both
7,22189,TRUE,TRUE,Both
7,22197,TRUE,TRUE,Both
7,22218,TRUE,TRUE,Both
7,22226,TRUE,TRUE,Both
7,22234,TRUE,TRUE,Both
7,22242,TRUE,TRUE,Both
7,22250,TRUE,TRUE,Both
7,22269,TRUE,TRUE,Both
7,22277,TRUE,TRUE,Both
7,22285,TRUE,TRUE,Both
7,22293,TRUE,TRUE,Both
7,22306,TRUE,TRUE,Both
7,22322,TRUE,TRUE,Both
7,22330,TRUE,TRUE,Both
7,22349,TRUE,TRUE,Both
7,22357,TRUE,TRUE,Both
7,22365,TRUE,TRUE,Both
7,22373,TRUE,TRUE,Both
7,22381,TRUE,TRUE,Both
7,22402,TRUE,TRUE,Both
7,22410,TRUE,TRUE,Both
7,22429,TRUE,TRUE,Both
7,22437,TRUE,TRUE,Both
7,22453,TRUE,TRUE,Both
7,22461,TRUE,TRUE,Both
7,22488,TRUE,TRUE,Both
7,22496,TRUE,TRUE,Both
7,22509,TRUE,TRUE,Both
7,22517,TRUE,TRUE,Both
7,22525,TRUE,TRUE,Both
7,22533,TRUE,TRUE,Both
7,22541,TRUE,TRUE,Both
7,22568,TRUE,TRUE,Both
7,22592,TRUE,TRUE,Both
7,22605,TRUE,TRUE,Both
7,22613,TRUE,TRUE,Both
7,22621,TRUE,TRUE,Both
7,22648,TRUE,TRUE,Both
7,22664,TRUE,TRUE,Both
7,22680,TRUE,TRUE,Both
7,22699,TRUE,TRUE,Both
7,22701,TRUE,TRUE,Both
7,22728,TRUE,TRUE,Both
7,22736,TRUE,TRUE,Both
7,22752,TRUE,TRUE,Both
7,22760,TRUE,TRUE,Both
7,22779,TRUE,TRUE,Both
7,22787,TRUE,TRUE,Both
7,22795,TRUE,TRUE,Both
7,22808,TRUE,TRUE,Both
7,22816,TRUE,TRUE,Both
7,22824,TRUE,TRUE,Both
7,22832,TRUE,TRUE,Both
7,22840,TRUE,TRUE,Both
7,22859,TRUE,TRUE,Both
7,22867,TRUE,TRUE,Both
7,22875,TRUE,TRUE,Both
7,22883,TRUE,TRUE,Both
7,22891,TRUE,TRUE,Both
7,22904,TRUE,TRUE,Both
7,22912,TRUE,TRUE,Both
7,22920,TRUE,TRUE,Both
7,22939,TRUE,TRUE,Both
7,22947,TRUE,TRUE,Both
7,22955,TRUE,TRUE,Both
7,22971,TRUE,TRUE,Both
7,22998,TRUE,TRUE,Both
7,23018,FALSE,TRUE,B only
7,23026,TRUE,TRUE,Both
7,23034,TRUE,TRUE,Both
7,23042,TRUE,TRUE,Both
7,23050,TRUE,TRUE,Both
7,23069,TRUE,TRUE,Both
7,23077,TRUE,TRUE,Both
7,23085,TRUE,TRUE,Both
7,23106,TRUE,TRUE,Both
7,23114,TRUE,TRUE,Both
7,23122,TRUE,TRUE,Both
7,23130,TRUE,TRUE,Both
7,23149,TRUE,TRUE,Both
7,23165,TRUE,TRUE,Both
7,23202,TRUE,TRUE,Both
7,23210,TRUE,TRUE,Both
7,23229,TRUE,TRUE,Both
7,23237,TRUE,TRUE,Both
7,23245,TRUE,TRUE,Both
7,23253,TRUE,TRUE,Both
7,23261,TRUE,TRUE,Both
7,23288,TRUE,TRUE,Both
7,23296,TRUE,TRUE,Both
7,23309,TRUE,TRUE,Both
7,23317,TRUE,TRUE,Both
7,23325,TRUE,TRUE,Both
7,23333,TRUE,TRUE,Both
7,23341,TRUE,TRUE,Both
7,23376,TRUE,TRUE,Both
7,23384,TRUE,TRUE,Both
7,23405,TRUE,TRUE,Both
7,23421,TRUE,TRUE,Both
7,23448,TRUE,TRUE,Both
7,23456,TRUE,TRUE,Both
7,23464,TRUE,TRUE,Both
7,23472,TRUE,TRUE,Both
7,23480,TRUE,TRUE,Both
7,23499,TRUE,TRUE,Both
7,23501,TRUE,TRUE,Both
7,23528,TRUE,TRUE,Both
7,23536,TRUE,TRUE,Both
7,23544,TRUE,TRUE,Both
7,23552,TRUE,TRUE,Both
7,23579,TRUE,TRUE,Both
7,23587,TRUE,TRUE,Both
7,23616,TRUE,TRUE,Both
7,23624,TRUE,TRUE,Both
7,23632,TRUE,TRUE,Both
7,23640,TRUE,TRUE,Both
7,23659,TRUE,TRUE,Both
7,23667,TRUE,TRUE,Both
7,23675,TRUE,TRUE,Both
7,23683,TRUE,TRUE,Both
7,23691,TRUE,TRUE,Both
7,23712,TRUE,TRUE,Both
7,23720,TRUE,TRUE,Both
7,23739,TRUE,TRUE,Both
7,23755,TRUE,TRUE,Both
7,23771,TRUE,TRUE,Both
7,23798,TRUE,TRUE,Both
7,23800,TRUE,TRUE,Both
7,23819,TRUE,TRUE,Both
7,23827,TRUE,TRUE,Both
7,23835,TRUE,TRUE,Both
7,23851,TRUE,TRUE,Both
7,23878,FALSE,FALSE,Neither
7,23886,TRUE,TRUE,Both
7,23894,TRUE,TRUE,Both
7,23907,TRUE,TRUE,Both
7,23915,TRUE,TRUE,Both
7,23923,TRUE,TRUE,Both
7,23931,TRUE,TRUE,Both
7,23982,TRUE,TRUE,Both
7,23990,TRUE,TRUE,Both
7,24002,TRUE,TRUE,Both
7,24010,TRUE,TRUE,Both
7,24037,FALSE,TRUE,B only
7,24045,FALSE,TRUE,B only
7,24053,TRUE,TRUE,Both
7,24061,TRUE,TRUE,Both
7,24088,TRUE,TRUE,Both
7,24096,TRUE,TRUE,Both
7,24109,TRUE,TRUE,Both
7,24117,TRUE,TRUE,Both
7,24125,TRUE,TRUE,Both
7,24141,TRUE,TRUE,Both
7,24176,TRUE,TRUE,Both
7,24184,FALSE,FALSE,Neither
7,24192,FALSE,FALSE,Neither
7,24205,FALSE,FALSE,Neither
7,24213,FALSE,FALSE,Neither
7,24221,FALSE,FALSE,Neither
7,24248,FALSE,FALSE,Neither
7,24256,FALSE,FALSE,Neither
7,24272,FALSE,FALSE,Neither
7,24280,FALSE,FALSE,Neither
7,24299,FALSE,FALSE,Neither
7,24301,FALSE,FALSE,Neither
7,24328,FALSE,FALSE,Neither
7,24336,FALSE,FALSE,Neither
7,24344,FALSE,FALSE,Neither
7,24352,FALSE,FALSE,Neither
7,24360,FALSE,FALSE,Neither
7,24379,FALSE,FALSE,Neither
7,24387,FALSE,FALSE,Neither
7,24395,FALSE,FALSE,Neither
7,24408,FALSE,FALSE,Neither
7,24416,FALSE,FALSE,Neither
7,24424,FALSE,FALSE,Neither
7,24432,FALSE,FALSE,Neither
7,24440,FALSE,FALSE,Neither
7,24459,FALSE,FALSE,Neither
7,24467,FALSE,FALSE,Neither
7,24483,FALSE,FALSE,Neither
7,24491,FALSE,FALSE,Neither
7,24504,FALSE,FALSE,Neither
7,24512,TRUE,TRUE,Both
7,24520,FALSE,FALSE,Neither
7,24539,FALSE,FALSE,Neither
7,24555,FALSE,FALSE,Neither
7,24563,FALSE,FALSE,Neither
7,24571,FALSE,FALSE,Neither
7,24598,FALSE,FALSE,Neither
7,24600,FALSE,FALSE,Neither
7,24619,FALSE,FALSE,Neither
7,24627,FALSE,FALSE,Neither
7,24635,FALSE,FALSE,Neither
7,24643,FALSE,FALSE,Neither
7,24651,FALSE,FALSE,Neither
7,24678,FALSE,FALSE,Neither
7,24686,FALSE,FALSE,Neither
7,24694,FALSE,FALSE,Neither
7,24707,FALSE,FALSE,Neither
7,24715,FALSE,FALSE,Neither
7,24723,FALSE,FALSE,Neither
7,24731,FALSE,FALSE,Neither
7,24758,FALSE,FALSE,Neither
7,24766,FALSE,FALSE,Neither
7,24774,FALSE,FALSE,Neither
7,24782,FALSE,FALSE,Neither
7,24790,FALSE,FALSE,Neither
7,24803,FALSE,FALSE,Neither
7,24811,FALSE,FALSE,Neither
7,24846,FALSE,FALSE,Neither
7,24854,FALSE,FALSE,Neither
7,24862,FALSE,FALSE,Neither
7,24870,FALSE,FALSE,Neither
7,24889,FALSE,FALSE,Neither
7,24897,FALSE,FALSE,Neither
7,24918,FALSE,FALSE,Neither
7,24926,FALSE,FALSE,Neither
7,24934,FALSE,FALSE,Neither
7,24942,FALSE,FALSE,Neither
7,24950,FALSE,FALSE,Neither
7,24969,FALSE,FALSE,Neither
7,24985,FALSE,FALSE,Neither
7,24993,FALSE,FALSE,Neither
7,25005,FALSE,FALSE,Neither
7,25013,FALSE,FALSE,Neither
7,25021,FALSE,FALSE,Neither
7,25048,FALSE,FALSE,Neither
7,25056,FALSE,FALSE,Neither
7,25064,FALSE,FALSE,Neither
7,25072,FALSE,FALSE,Neither
7,25080,FALSE,FALSE,Neither
7,25099,FALSE,FALSE,Neither
7,25101,FALSE,FALSE,Neither
7,25128,FALSE,FALSE,Neither
7,25144,FALSE,FALSE,Neither
7,25152,FALSE,FALSE,Neither
7,25160,FALSE,FALSE,Neither
7,25179,FALSE,FALSE,Neither
7,25187,TRUE,TRUE,Both
7,25195,FALSE,FALSE,Neither
7,25208,FALSE,FALSE,Neither
7,25216,FALSE,FALSE,Neither
7,25224,FALSE,FALSE,Neither
7,25232,FALSE,FALSE,Neither
7,25283,FALSE,FALSE,Neither
7,25291,FALSE,FALSE,Neither
7,25304,FALSE,FALSE,Neither
7,25312,FALSE,FALSE,Neither
7,25320,FALSE,FALSE,Neither
7,25339,FALSE,FALSE,Neither
7,25347,FALSE,FALSE,Neither
7,25363,FALSE,FALSE,Neither
7,25371,FALSE,FALSE,Neither
7,25398,FALSE,FALSE,Neither
7,25400,FALSE,FALSE,Neither
7,25419,FALSE,FALSE,Neither
7,25427,FALSE,FALSE,Neither
7,25443,FALSE,FALSE,Neither
7,25478,FALSE,FALSE,Neither
7,25486,TRUE,TRUE,Both
7,25507,FALSE,FALSE,Neither
7,25515,FALSE,FALSE,Neither
7,25523,FALSE,FALSE,Neither
7,25531,FALSE,FALSE,Neither
7,25574,FALSE,FALSE,Neither
7,25582,FALSE,FALSE,Neither
7,25590,FALSE,FALSE,Neither
7,25611,FALSE,FALSE,Neither
7,25638,FALSE,FALSE,Neither
7,25646,FALSE,FALSE,Neither
7,25654,FALSE,FALSE,Neither
7,25662,FALSE,FALSE,Neither
7,25670,FALSE,FALSE,Neither
7,25689,FALSE,FALSE,Neither
7,25697,FALSE,FALSE,Neither
7,25718,FALSE,FALSE,Neither
7,25726,FALSE,FALSE,Neither
7,25742,FALSE,FALSE,Neither
7,25750,FALSE,FALSE,Neither
7,25769,FALSE,FALSE,Neither
7,25785,FALSE,FALSE,Neither
7,25793,FALSE,FALSE,Neither
7,25806,FALSE,FALSE,Neither
7,25814,FALSE,FALSE,Neither
7,25830,FALSE,FALSE,Neither
7,25849,FALSE,FALSE,Neither
7,25865,FALSE,FALSE,Neither
7,25873,FALSE,FALSE,Neither
7,25902,FALSE,FALSE,Neither
7,25910,FALSE,FALSE,Neither
7,25929,FALSE,FALSE,Neither
7,25937,FALSE,FALSE,Neither
7,25945,FALSE,FALSE,Neither
7,25953,FALSE,FALSE,Neither
7,25961,FALSE,FALSE,Neither
7,25988,FALSE,FALSE,Neither
7,26008,FALSE,FALSE,Neither
7,26016,FALSE,FALSE,Neither
7,26024,FALSE,FALSE,Neither
7,26059,FALSE,FALSE,Neither
7,26067,FALSE,FALSE,Neither
7,26075,FALSE,FALSE,Neither
7,26091,FALSE,FALSE,Neither
7,26104,FALSE,FALSE,Neither
7,26112,FALSE,FALSE,Neither
7,26120,FALSE,FALSE,Neither
7,26139,FALSE,FALSE,Neither
7,26147,FALSE,FALSE,Neither
7,26155,FALSE,FALSE,Neither
7,26171,FALSE,FALSE,Neither
7,26198,FALSE,FALSE,Neither
7,26200,FALSE,FALSE,Neither
7,26219,FALSE,FALSE,Neither
7,26227,FALSE,FALSE,Neither
7,26235,FALSE,FALSE,Neither
7,26243,FALSE,FALSE,Neither
7,26251,FALSE,FALSE,Neither
7,26278,FALSE,FALSE,Neither
7,26286,FALSE,FALSE,Neither
7,26294,FALSE,FALSE,Neither
7,26307,FALSE,FALSE,Neither
7,26315,FALSE,FALSE,Neither
7,26323,FALSE,FALSE,Neither
7,26331,FALSE,FALSE,Neither
7,26358,FALSE,FALSE,Neither
7,26366,FALSE,FALSE,Neither
7,26374,FALSE,FALSE,Neither
7,26382,FALSE,FALSE,Neither
7,26390,FALSE,FALSE,Neither
7,26403,FALSE,FALSE,Neither
7,26411,FALSE,FALSE,Neither
7,26438,FALSE,FALSE,Neither
7,26446,FALSE,FALSE,Neither
7,26454,FALSE,FALSE,Neither
7,26462,FALSE,FALSE,Neither
7,26470,FALSE,FALSE,Neither
7,26489,FALSE,FALSE,Neither
7,26497,FALSE,FALSE,Neither
7,26518,FALSE,FALSE,Neither
7,26526,FALSE,FALSE,Neither
7,26534,FALSE,FALSE,Neither
7,26542,FALSE,FALSE,Neither
7,26550,FALSE,FALSE,Neither
7,26569,FALSE,FALSE,Neither
7,26577,FALSE,FALSE,Neither
7,26585,FALSE,FALSE,Neither
7,26593,FALSE,FALSE,Neither
7,26606,FALSE,FALSE,Neither
7,26614,FALSE,FALSE,Neither
7,26622,FALSE,FALSE,Neither
7,26630,FALSE,FALSE,Neither
7,26657,FALSE,FALSE,Neither
7,26665,FALSE,FALSE,Neither
7,26673,FALSE,FALSE,Neither
7,26681,FALSE,FALSE,Neither
7,26972,TRUE,TRUE,Both
7,27561,TRUE,TRUE,Both
7,27692,TRUE,TRUE,Both
7,28281,TRUE,TRUE,Both
7,28513,TRUE,TRUE,Both
7,53023,TRUE,TRUE,Both
7,58843,FALSE,FALSE,Neither
7,75471,TRUE,TRUE,Both
7,86239,TRUE,TRUE,Both
8,10006,TRUE,TRUE,Both
8,10014,TRUE,TRUE,Both
8,10030,TRUE,TRUE,Both
8,10057,TRUE,TRUE,Both
8,10102,TRUE,TRUE,Both
8,10137,TRUE,TRUE,Both
8,10145,TRUE,TRUE,Both
8,10153,TRUE,TRUE,Both
8,10161,TRUE,TRUE,Both
8,10188,TRUE,TRUE,Both
8,10196,TRUE,TRUE,Both
8,10209,TRUE,TRUE,Both
8,10217,TRUE,TRUE,Both
8,10225,TRUE,TRUE,Both
8,10233,TRUE,TRUE,Both
8,10241,TRUE,TRUE,Both
8,10268,TRUE,TRUE,Both
8,10276,TRUE,TRUE,Both
8,10313,TRUE,TRUE,Both
8,10321,TRUE,TRUE,Both
8,10364,TRUE,TRUE,Both
8,10372,TRUE,TRUE,Both
8,10401,TRUE,TRUE,Both
8,10436,TRUE,TRUE,Both
8,10460,TRUE,TRUE,Both
8,10479,TRUE,TRUE,Both
8,10487,TRUE,TRUE,Both
8,10495,TRUE,TRUE,Both
8,10516,TRUE,TRUE,Both
8,10524,TRUE,TRUE,Both
8,10532,TRUE,TRUE,Both
8,10559,TRUE,TRUE,Both
8,10575,TRUE,TRUE,Both
8,10591,TRUE,TRUE,Both
8,10604,TRUE,TRUE,Both
8,10620,TRUE,TRUE,Both
8,10647,TRUE,TRUE,Both
8,10671,TRUE,TRUE,Both
8,10698,TRUE,TRUE,Both
8,10727,TRUE,TRUE,Both
8,10735,TRUE,TRUE,Both
8,10743,TRUE,TRUE,Both
8,10751,TRUE,TRUE,Both
8,10786,TRUE,TRUE,Both
8,10807,TRUE,TRUE,Both
8,10823,TRUE,TRUE,Both
8,10866,TRUE,TRUE,Both
8,10874,TRUE,TRUE,Both
8,10890,TRUE,TRUE,Both
8,10911,TRUE,TRUE,Both
8,10938,TRUE,TRUE,Both
8,10970,TRUE,TRUE,Both
8,10989,TRUE,TRUE,Both
8,11017,TRUE,TRUE,Both
8,11033,TRUE,TRUE,Both
8,11068,TRUE,TRUE,Both
8,11084,TRUE,TRUE,Both
8,11092,TRUE,TRUE,Both
8,11105,TRUE,TRUE,Both
8,11113,TRUE,TRUE,Both
8,11148,TRUE,TRUE,Both
8,11156,TRUE,TRUE,Both
8,11164,TRUE,TRUE,Both
8,11244,FALSE,TRUE,B only
8,11260,TRUE,TRUE,Both
8,11287,TRUE,TRUE,Both
8,11295,TRUE,TRUE,Both
8,11308,TRUE,TRUE,Both
8,11332,TRUE,TRUE,Both
8,11340,TRUE,TRUE,Both
8,11367,TRUE,TRUE,Both
8,11375,TRUE,TRUE,Both
8,11391,TRUE,TRUE,Both
8,11404,TRUE,TRUE,Both
8,11439,TRUE,TRUE,Both
8,11447,TRUE,TRUE,Both
8,11455,TRUE,TRUE,Both
8,11463,TRUE,TRUE,Both
8,11471,TRUE,TRUE,Both
8,11498,TRUE,TRUE,Both
8,11500,TRUE,TRUE,Both
8,11527,TRUE,TRUE,Both
8,11543,TRUE,TRUE,Both
8,11607,TRUE,TRUE,Both
8,11658,TRUE,TRUE,Both
8,11674,TRUE,TRUE,Both
8,11690,TRUE,TRUE,Both
8,11703,TRUE,TRUE,Both
8,11746,TRUE,TRUE,Both
8,11754,TRUE,TRUE,Both
8,11762,TRUE,TRUE,Both
8,11770,TRUE,TRUE,Both
8,11826,TRUE,TRUE,Both
8,11834,TRUE,TRUE,Both
8,11850,TRUE,TRUE,Both
8,11885,TRUE,TRUE,Both
8,11949,TRUE,TRUE,Both
8,11981,TRUE,TRUE,Both
8,12001,TRUE,TRUE,Both
8,12036,TRUE,TRUE,Both
8,12044,TRUE,TRUE,Both
8,12052,TRUE,TRUE,Both
8,12060,TRUE,TRUE,Both
8,12079,TRUE,TRUE,Both
8,12087,TRUE,TRUE,Both
8,12095,TRUE,TRUE,Both
8,12108,TRUE,TRUE,Both
8,12124,FALSE,TRUE,B only
8,12132,TRUE,TRUE,Both
8,12140,TRUE,TRUE,Both
8,12159,TRUE,TRUE,Both
8,12167,TRUE,TRUE,Both
8,12183,TRUE,TRUE,Both
8,12191,TRUE,TRUE,Both
8,12220,TRUE,TRUE,Both
8,12271,TRUE,TRUE,Both
8,12298,TRUE,TRUE,Both
8,12300,FALSE,TRUE,B only
8,12319,TRUE,TRUE,Both
8,12343,TRUE,TRUE,Both
8,12386,TRUE,TRUE,Both
8,12394,TRUE,TRUE,Both
8,12431,TRUE,TRUE,Both
8,12458,TRUE,TRUE,Both
8,12466,TRUE,TRUE,Both
8,12490,TRUE,TRUE,Both
8,12503,TRUE,TRUE,Both
8,12511,TRUE,TRUE,Both
8,12538,TRUE,TRUE,Both
8,12554,TRUE,TRUE,Both
8,12562,FALSE,TRUE,B only
8,12570,TRUE,TRUE,Both
8,12626,TRUE,TRUE,Both
8,12650,TRUE,TRUE,Both
8,12669,TRUE,TRUE,Both
8,12706,TRUE,TRUE,Both
8,12730,TRUE,TRUE,Both
8,12749,TRUE,TRUE,Both
8,12757,TRUE,TRUE,Both
8,12781,TRUE,TRUE,Both
8,12802,TRUE,TRUE,Both
8,12810,FALSE,TRUE,B only
8,12829,TRUE,TRUE,Both
8,12837,TRUE,TRUE,Both
8,12888,TRUE,TRUE,Both
8,12896,TRUE,TRUE,Both
8,12909,TRUE,TRUE,Both
8,12933,TRUE,TRUE,Both
8,12941,TRUE,TRUE,Both
8,12976,TRUE,TRUE,Both
8,12984,TRUE,TRUE,Both
8,13012,TRUE,TRUE,Both
8,13047,TRUE,TRUE,Both
8,13055,TRUE,TRUE,Both
8,13063,TRUE,TRUE,Both
8,13100,TRUE,TRUE,Both
8,13119,TRUE,TRUE,Both
8,13143,TRUE,TRUE,Both
8,13207,TRUE,TRUE,Both
8,13274,TRUE,TRUE,Both
8,13290,TRUE,TRUE,Both
8,13303,TRUE,TRUE,Both
8,13311,TRUE,TRUE,Both
8,13354,TRUE,TRUE,Both
8,13370,TRUE,TRUE,Both
8,13434,TRUE,TRUE,Both
8,13442,TRUE,TRUE,Both
8,13450,TRUE,TRUE,Both
8,13522,TRUE,TRUE,Both
8,13557,TRUE,TRUE,Both
8,13565,TRUE,TRUE,Both
8,13573,TRUE,TRUE,Both
8,13610,TRUE,TRUE,Both
8,13637,TRUE,TRUE,Both
8,13653,FALSE,FALSE,Neither
8,13661,TRUE,TRUE,Both
8,13688,TRUE,TRUE,Both
8,13696,TRUE,TRUE,Both
8,13792,TRUE,TRUE,Both
8,13805,TRUE,TRUE,Both
8,13821,TRUE,TRUE,Both
8,13848,TRUE,TRUE,Both
8,13856,TRUE,TRUE,Both
8,13901,TRUE,TRUE,Both
8,13928,TRUE,TRUE,Both
8,13936,TRUE,TRUE,Both
8,13987,TRUE,TRUE,Both
8,14066,TRUE,TRUE,Both
8,14082,TRUE,TRUE,Both
8,14090,TRUE,TRUE,Both
8,14154,TRUE,TRUE,Both
8,14189,TRUE,TRUE,Both
8,14197,TRUE,TRUE,Both
8,14218,TRUE,TRUE,Both
8,14250,TRUE,TRUE,Both
8,14306,TRUE,TRUE,Both
8,14322,TRUE,TRUE,Both
8,14349,TRUE,TRUE,Both
8,14357,TRUE,TRUE,Both
8,14373,TRUE,TRUE,Both
8,14402,TRUE,TRUE,Both
8,14429,TRUE,TRUE,Both
8,14437,FALSE,TRUE,B only
8,14461,TRUE,TRUE,Both
8,14488,TRUE,TRUE,Both
8,14496,TRUE,TRUE,Both
8,14509,TRUE,TRUE,Both
8,14525,TRUE,TRUE,Both
8,14533,TRUE,TRUE,Both
8,14541,TRUE,TRUE,Both
8,14592,TRUE,TRUE,Both
8,14605,TRUE,TRUE,Both
8,14613,TRUE,TRUE,Both
8,14656,TRUE,TRUE,Both
8,14664,TRUE,TRUE,Both
8,14699,TRUE,TRUE,Both
8,14701,TRUE,TRUE,Both
8,14728,TRUE,TRUE,Both
8,14736,TRUE,TRUE,Both
8,14760,TRUE,TRUE,Both
8,14779,TRUE,TRUE,Both
8,14795,TRUE,TRUE,Both
8,14816,TRUE,TRUE,Both
8,14824,TRUE,TRUE,Both
8,14859,TRUE,TRUE,Both
8,14867,TRUE,TRUE,Both
8,14875,TRUE,TRUE,Both
8,14883,TRUE,TRUE,Both
8,14891,TRUE,TRUE,Both
8,14904,TRUE,TRUE,Both
8,14912,TRUE,TRUE,Both
8,14920,FALSE,TRUE,B only
8,14955,TRUE,TRUE,Both
8,15034,TRUE,TRUE,Both
8,15042,TRUE,TRUE,Both
8,15050,TRUE,TRUE,Both
8,15069,TRUE,TRUE,Both
8,15077,TRUE,TRUE,Both
8,15149,TRUE,TRUE,Both
8,15157,TRUE,TRUE,Both
8,15165,TRUE,TRUE,Both
8,15202,TRUE,TRUE,Both
8,15229,TRUE,TRUE,Both
8,15237,TRUE,TRUE,Both
8,15253,TRUE,TRUE,Both
8,15317,TRUE,TRUE,Both
8,15325,TRUE,TRUE,Both
8,15341,TRUE,TRUE,Both
8,15368,TRUE,TRUE,Both
8,15448,TRUE,TRUE,Both
8,15456,TRUE,TRUE,Both
8,15464,TRUE,TRUE,Both
8,15472,TRUE,TRUE,Both
8,15480,TRUE,TRUE,Both
8,15499,TRUE,TRUE,Both
8,15528,TRUE,TRUE,Both
8,15536,TRUE,TRUE,Both
8,15544,TRUE,TRUE,Both
8,15560,TRUE,TRUE,Both
8,15579,TRUE,TRUE,Both
8,15587,TRUE,TRUE,Both
8,15624,TRUE,TRUE,Both
8,15659,TRUE,TRUE,Both
8,15667,TRUE,TRUE,Both
8,15712,TRUE,TRUE,Both
8,15720,TRUE,TRUE,Both
8,15747,TRUE,TRUE,Both
8,15755,TRUE,TRUE,Both
8,15763,TRUE,TRUE,Both
8,15798,TRUE,TRUE,Both
8,15819,TRUE,TRUE,Both
8,15835,TRUE,TRUE,Both
8,15843,TRUE,TRUE,Both
8,15915,TRUE,TRUE,Both
8,15923,TRUE,TRUE,Both
8,15966,TRUE,TRUE,Both
8,15974,TRUE,TRUE,Both
8,16029,TRUE,TRUE,Both
8,16053,TRUE,TRUE,Both
8,16088,TRUE,TRUE,Both
8,16096,TRUE,TRUE,Both
8,16109,TRUE,TRUE,Both
8,16117,TRUE,TRUE,Both
8,16141,TRUE,TRUE,Both
8,16205,TRUE,TRUE,Both
8,16256,TRUE,TRUE,Both
8,16272,TRUE,TRUE,Both
8,16280,TRUE,TRUE,Both
8,16328,TRUE,TRUE,Both
8,16336,TRUE,TRUE,Both
8,16344,TRUE,TRUE,Both
8,16360,TRUE,TRUE,Both
8,16424,TRUE,TRUE,Both
8,16432,TRUE,TRUE,Both
8,16512,TRUE,TRUE,Both
8,16555,TRUE,TRUE,Both
8,16571,TRUE,TRUE,Both
8,16598,TRUE,TRUE,Both
8,16600,TRUE,TRUE,Both
8,16619,TRUE,TRUE,Both
8,16643,TRUE,TRUE,Both
8,16651,TRUE,TRUE,Both
8,16678,TRUE,TRUE,Both
8,16686,TRUE,TRUE,Both
8,16707,TRUE,TRUE,Both
8,16723,TRUE,TRUE,Both
8,16731,TRUE,TRUE,Both
8,16758,TRUE,TRUE,Both
8,16782,FALSE,TRUE,B only
8,16803,TRUE,TRUE,Both
8,16862,TRUE,TRUE,Both
8,16870,TRUE,TRUE,Both
8,16969,TRUE,TRUE,Both
8,16985,TRUE,TRUE,Both
8,17005,TRUE,TRUE,Both
8,17013,TRUE,TRUE,Both
8,17048,TRUE,TRUE,Both
8,17056,TRUE,TRUE,Both
8,17072,TRUE,TRUE,Both
8,17099,TRUE,TRUE,Both
8,17101,TRUE,TRUE,Both
8,17128,TRUE,TRUE,Both
8,17144,TRUE,TRUE,Both
8,17160,TRUE,TRUE,Both
8,17224,TRUE,TRUE,Both
8,17232,TRUE,TRUE,Both
8,17240,TRUE,TRUE,Both
8,17267,TRUE,TRUE,Both
8,17291,TRUE,TRUE,Both
8,17304,TRUE,TRUE,Both
8,17312,TRUE,TRUE,Both
8,17320,TRUE,TRUE,Both
8,17339,TRUE,TRUE,Both
8,17347,TRUE,TRUE,Both
8,17400,TRUE,TRUE,Both
8,17435,TRUE,TRUE,Both
8,17443,TRUE,TRUE,Both
8,17451,TRUE,TRUE,Both
8,17478,TRUE,TRUE,Both
8,17515,TRUE,TRUE,Both
8,17523,TRUE,TRUE,Both
8,17558,TRUE,TRUE,Both
8,17566,TRUE,TRUE,Both
8,17582,TRUE,TRUE,Both
8,17590,TRUE,TRUE,Both
8,17646,FALSE,TRUE,B only
8,17654,TRUE,TRUE,Both
8,17670,TRUE,TRUE,Both
8,17689,TRUE,TRUE,Both
8,17718,TRUE,TRUE,Both
8,17726,TRUE,TRUE,Both
8,17734,TRUE,TRUE,Both
8,17742,TRUE,TRUE,Both
8,17750,TRUE,TRUE,Both
8,17777,TRUE,TRUE,Both
8,17806,TRUE,TRUE,Both
8,17814,TRUE,TRUE,Both
8,17822,TRUE,TRUE,Both
8,17830,TRUE,TRUE,Both
8,17849,TRUE,TRUE,Both
8,17865,TRUE,TRUE,Both
8,17881,FALSE,TRUE,B only
8,17902,TRUE,TRUE,Both
8,17910,TRUE,TRUE,Both
8,17929,TRUE,TRUE,Both
8,17953,TRUE,TRUE,Both
8,17961,TRUE,TRUE,Both
8,18016,TRUE,TRUE,Both
8,18032,TRUE,TRUE,Both
8,18040,TRUE,TRUE,Both
8,18067,TRUE,TRUE,Both
8,18075,TRUE,TRUE,Both
8,18091,TRUE,TRUE,Both
8,18112,TRUE,TRUE,Both
8,18147,TRUE,TRUE,Both
8,18163,TRUE,TRUE,Both
8,18171,TRUE,TRUE,Both
8,18198,TRUE,TRUE,Both
8,18200,TRUE,TRUE,Both
8,18243,TRUE,TRUE,Both
8,18251,TRUE,TRUE,Both
8,18278,TRUE,TRUE,Both
8,18286,TRUE,TRUE,Both
8,18315,TRUE,TRUE,Both
8,18331,TRUE,TRUE,Both
8,18358,TRUE,TRUE,Both
8,18374,TRUE,TRUE,Both
8,18382,TRUE,TRUE,Both
8,18390,TRUE,TRUE,Both
8,18403,TRUE,TRUE,Both
8,18411,TRUE,TRUE,Both
8,18438,TRUE,TRUE,Both
8,18446,TRUE,TRUE,Both
8,18462,TRUE,TRUE,Both
8,18489,TRUE,TRUE,Both
8,18542,TRUE,TRUE,Both
8,18550,TRUE,TRUE,Both
8,18569,TRUE,TRUE,Both
8,18585,TRUE,TRUE,Both
8,18606,TRUE,TRUE,Both
8,18649,TRUE,TRUE,Both
8,18673,TRUE,TRUE,Both
8,18681,TRUE,TRUE,Both
8,18702,TRUE,TRUE,Both
8,18710,TRUE,TRUE,Both
8,18729,TRUE,TRUE,Both
8,18796,TRUE,TRUE,Both
8,18817,TRUE,TRUE,Both
8,18825,TRUE,TRUE,Both
8,18841,TRUE,TRUE,Both
8,18884,TRUE,TRUE,Both
8,18905,TRUE,TRUE,Both
8,18921,TRUE,TRUE,Both
8,18948,TRUE,TRUE,Both
8,18980,TRUE,TRUE,Both
8,18999,TRUE,TRUE,Both
8,19019,TRUE,TRUE,Both
8,19027,TRUE,TRUE,Both
8,19035,TRUE,TRUE,Both
8,19043,TRUE,TRUE,Both
8,19051,TRUE,TRUE,Both
8,19107,TRUE,TRUE,Both
8,19131,TRUE,TRUE,Both
8,19158,TRUE,TRUE,Both
8,19166,TRUE,TRUE,Both
8,19174,TRUE,TRUE,Both
8,19190,TRUE,TRUE,Both
8,19203,TRUE,TRUE,Both
8,19211,TRUE,TRUE,Both
8,19238,TRUE,TRUE,Both
8,19254,TRUE,TRUE,Both
8,19270,TRUE,TRUE,Both
8,19289,TRUE,TRUE,Both
8,19297,TRUE,TRUE,Both
8,19334,TRUE,TRUE,Both
8,19350,TRUE,TRUE,Both
8,19377,TRUE,TRUE,Both
8,19385,TRUE,TRUE,Both
8,19393,TRUE,TRUE,Both
8,19406,TRUE,TRUE,Both
8,19414,TRUE,TRUE,Both
8,19430,TRUE,TRUE,Both
8,19502,TRUE,TRUE,Both
8,19510,TRUE,TRUE,Both
8,19537,TRUE,TRUE,Both
8,19553,TRUE,TRUE,Both
8,19561,TRUE,TRUE,Both
8,19596,TRUE,TRUE,Both
8,19617,TRUE,TRUE,Both
8,19633,TRUE,TRUE,Both
8,19641,TRUE,TRUE,Both
8,19668,TRUE,TRUE,Both
8,19676,TRUE,TRUE,Both
8,19684,TRUE,TRUE,Both
8,19692,TRUE,TRUE,Both
8,19713,TRUE,TRUE,Both
8,19721,TRUE,TRUE,Both
8,19748,TRUE,TRUE,Both
8,19756,TRUE,TRUE,Both
8,19764,TRUE,TRUE,Both
8,19772,TRUE,TRUE,Both
8,19799,TRUE,TRUE,Both
8,19828,TRUE,TRUE,Both
8,19844,TRUE,TRUE,Both
8,19852,TRUE,TRUE,Both
8,19860,TRUE,TRUE,Both
8,19879,TRUE,TRUE,Both
8,19887,TRUE,TRUE,Both
8,19895,TRUE,TRUE,Both
8,19932,TRUE,TRUE,Both
8,19940,TRUE,TRUE,Both
8,19975,TRUE,TRUE,Both
8,19983,TRUE,TRUE,Both
8,20001,TRUE,TRUE,Both
8,20036,TRUE,TRUE,Both
8,20052,TRUE,TRUE,Both
8,20079,TRUE,TRUE,Both
8,20087,TRUE,TRUE,Both
8,20095,TRUE,TRUE,Both
8,20116,TRUE,TRUE,Both
8,20124,TRUE,TRUE,Both
8,20132,TRUE,TRUE,Both
8,20140,FALSE,TRUE,B only
8,20167,TRUE,TRUE,Both
8,20175,FALSE,TRUE,B only
8,20183,TRUE,TRUE,Both
8,20204,TRUE,TRUE,Both
8,20220,TRUE,TRUE,Both
8,20239,TRUE,TRUE,Both
8,20247,TRUE,TRUE,Both
8,20255,TRUE,TRUE,Both
8,20263,TRUE,TRUE,Both
8,20298,TRUE,TRUE,Both
8,20327,TRUE,TRUE,Both
8,20335,TRUE,TRUE,Both
8,20343,TRUE,TRUE,Both
8,20386,TRUE,TRUE,Both
8,20394,TRUE,TRUE,Both
8,20407,TRUE,TRUE,Both
8,20415,TRUE,TRUE,Both
8,20431,TRUE,TRUE,Both
8,20458,TRUE,TRUE,Both
8,20474,TRUE,TRUE,Both
8,20482,FALSE,TRUE,B only
8,20490,TRUE,TRUE,Both
8,20503,TRUE,TRUE,Both
8,20511,FALSE,TRUE,B only
8,20538,TRUE,TRUE,Both
8,20546,TRUE,TRUE,Both
8,20562,TRUE,TRUE,Both
8,20570,TRUE,TRUE,Both
8,20589,TRUE,TRUE,Both
8,20597,TRUE,TRUE,Both
8,20618,TRUE,TRUE,Both
8,20626,TRUE,TRUE,Both
8,20677,TRUE,TRUE,Both
8,20693,TRUE,TRUE,Both
8,20706,TRUE,TRUE,Both
8,20714,TRUE,TRUE,Both
8,20730,TRUE,TRUE,Both
8,20757,TRUE,TRUE,Both
8,20765,TRUE,TRUE,Both
8,20773,TRUE,TRUE,Both
8,20802,TRUE,TRUE,Both
8,20829,TRUE,TRUE,Both
8,20837,TRUE,TRUE,Both
8,20845,TRUE,TRUE,Both
8,20853,TRUE,TRUE,Both
8,20888,TRUE,TRUE,Both
8,20909,TRUE,TRUE,Both
8,20917,TRUE,TRUE,Both
8,20933,TRUE,TRUE,Both
8,20968,TRUE,TRUE,Both
8,20976,TRUE,TRUE,Both
8,20984,TRUE,TRUE,Both
8,20992,TRUE,TRUE,Both
8,21004,TRUE,TRUE,Both
8,21020,TRUE,TRUE,Both
8,21039,TRUE,TRUE,Both
8,21055,TRUE,TRUE,Both
8,21071,TRUE,TRUE,Both
8,21119,TRUE,TRUE,Both
8,21127,TRUE,TRUE,Both
8,21135,TRUE,TRUE,Both
8,21143,TRUE,TRUE,Both
8,21151,TRUE,TRUE,Both
8,21178,TRUE,TRUE,Both
8,21186,TRUE,TRUE,Both
8,21194,TRUE,TRUE,Both
8,21207,TRUE,TRUE,Both
8,21231,TRUE,TRUE,Both
8,21258,TRUE,TRUE,Both
8,21266,TRUE,TRUE,Both
8,21274,TRUE,TRUE,Both
8,21282,TRUE,TRUE,Both
8,21290,TRUE,TRUE,Both
8,21303,TRUE,TRUE,Both
8,21338,TRUE,TRUE,Both
8,21346,TRUE,TRUE,Both
8,21354,TRUE,TRUE,Both
8,21370,TRUE,TRUE,Both
8,21389,TRUE,TRUE,Both
8,21397,TRUE,TRUE,Both
8,21418,TRUE,TRUE,Both
8,21434,TRUE,TRUE,Both
8,21442,TRUE,TRUE,Both
8,21450,TRUE,TRUE,Both
8,21469,TRUE,TRUE,Both
8,21485,TRUE,TRUE,Both
8,21493,TRUE,TRUE,Both
8,21506,TRUE,TRUE,Both
8,21514,TRUE,TRUE,Both
8,21522,TRUE,TRUE,Both
8,21530,TRUE,TRUE,Both
8,21549,TRUE,TRUE,Both
8,21557,TRUE,TRUE,Both
8,21573,TRUE,TRUE,Both
8,21602,TRUE,TRUE,Both
8,21610,TRUE,TRUE,Both
8,21629,TRUE,TRUE,Both
8,21645,TRUE,TRUE,Both
8,21653,TRUE,TRUE,Both
8,21696,FALSE,TRUE,B only
8,21709,TRUE,TRUE,Both
8,21733,TRUE,TRUE,Both
8,21768,TRUE,TRUE,Both
8,21776,TRUE,TRUE,Both
8,21792,TRUE,TRUE,Both
8,21813,TRUE,TRUE,Both
8,21821,TRUE,TRUE,Both
8,21856,TRUE,TRUE,Both
8,21864,TRUE,TRUE,Both
8,21872,TRUE,TRUE,Both
8,21899,TRUE,TRUE,Both
8,21901,TRUE,TRUE,Both
8,21928,TRUE,TRUE,Both
8,21936,TRUE,TRUE,Both
8,21960,TRUE,TRUE,Both
8,21979,TRUE,TRUE,Both
8,21987,TRUE,TRUE,Both
8,21995,TRUE,TRUE,Both
8,22007,TRUE,TRUE,Both
8,22023,TRUE,TRUE,Both
8,22058,TRUE,TRUE,Both
8,22066,TRUE,TRUE,Both
8,22074,TRUE,TRUE,Both
8,22082,TRUE,TRUE,Both
8,22090,TRUE,TRUE,Both
8,22103,TRUE,TRUE,Both
8,22111,TRUE,TRUE,Both
8,22138,TRUE,TRUE,Both
8,22154,TRUE,TRUE,Both
8,22162,TRUE,TRUE,Both
8,22170,TRUE,TRUE,Both
8,22189,TRUE,TRUE,Both
8,22197,TRUE,TRUE,Both
8,22218,TRUE,TRUE,Both
8,22226,TRUE,TRUE,Both
8,22234,TRUE,TRUE,Both
8,22242,TRUE,TRUE,Both
8,22250,TRUE,TRUE,Both
8,22269,TRUE,TRUE,Both
8,22277,TRUE,TRUE,Both
8,22285,TRUE,TRUE,Both
8,22293,TRUE,TRUE,Both
8,22306,TRUE,TRUE,Both
8,22322,TRUE,TRUE,Both
8,22330,TRUE,TRUE,Both
8,22349,TRUE,TRUE,Both
8,22357,TRUE,TRUE,Both
8,22365,TRUE,TRUE,Both
8,22373,TRUE,TRUE,Both
8,22381,TRUE,TRUE,Both
8,22402,TRUE,TRUE,Both
8,22410,TRUE,TRUE,Both
8,22429,TRUE,TRUE,Both
8,22437,TRUE,TRUE,Both
8,22461,TRUE,TRUE,Both
8,22488,TRUE,TRUE,Both
8,22496,TRUE,TRUE,Both
8,22509,TRUE,TRUE,Both
8,22517,TRUE,TRUE,Both
8,22525,TRUE,TRUE,Both
8,22533,TRUE,TRUE,Both
8,22541,TRUE,TRUE,Both
8,22568,TRUE,TRUE,Both
8,22592,TRUE,TRUE,Both
8,22605,TRUE,TRUE,Both
8,22613,TRUE,TRUE,Both
8,22621,TRUE,TRUE,Both
8,22648,TRUE,TRUE,Both
8,22664,TRUE,TRUE,Both
8,22680,TRUE,TRUE,Both
8,22699,TRUE,TRUE,Both
8,22701,TRUE,TRUE,Both
8,22728,TRUE,TRUE,Both
8,22752,TRUE,TRUE,Both
8,22760,TRUE,TRUE,Both
8,22779,TRUE,TRUE,Both
8,22787,TRUE,TRUE,Both
8,22795,TRUE,TRUE,Both
8,22808,TRUE,TRUE,Both
8,22816,TRUE,TRUE,Both
8,22824,TRUE,TRUE,Both
8,22832,TRUE,TRUE,Both
8,22840,TRUE,TRUE,Both
8,22859,TRUE,TRUE,Both
8,22867,TRUE,TRUE,Both
8,22883,TRUE,TRUE,Both
8,22891,TRUE,TRUE,Both
8,22904,TRUE,TRUE,Both
8,22912,TRUE,TRUE,Both
8,22920,TRUE,TRUE,Both
8,22939,TRUE,TRUE,Both
8,22947,TRUE,TRUE,Both
8,22955,TRUE,TRUE,Both
8,22971,TRUE,TRUE,Both
8,22998,TRUE,TRUE,Both
8,23018,TRUE,TRUE,Both
8,23026,TRUE,TRUE,Both
8,23034,FALSE,TRUE,B only
8,23042,TRUE,TRUE,Both
8,23050,TRUE,TRUE,Both
8,23069,TRUE,TRUE,Both
8,23077,TRUE,TRUE,Both
8,23085,TRUE,TRUE,Both
8,23106,TRUE,TRUE,Both
8,23114,TRUE,TRUE,Both
8,23122,TRUE,TRUE,Both
8,23130,TRUE,TRUE,Both
8,23149,TRUE,TRUE,Both
8,23202,TRUE,TRUE,Both
8,23210,TRUE,TRUE,Both
8,23229,TRUE,TRUE,Both
8,23237,TRUE,TRUE,Both
8,23245,TRUE,TRUE,Both
8,23253,TRUE,TRUE,Both
8,23261,TRUE,TRUE,Both
8,23288,TRUE,TRUE,Both
8,23296,TRUE,TRUE,Both
8,23309,TRUE,TRUE,Both
8,23317,TRUE,TRUE,Both
8,23325,TRUE,TRUE,Both
8,23333,TRUE,TRUE,Both
8,23341,TRUE,TRUE,Both
8,23376,TRUE,TRUE,Both
8,23384,TRUE,TRUE,Both
8,23405,TRUE,TRUE,Both
8,23421,TRUE,TRUE,Both
8,23448,TRUE,TRUE,Both
8,23456,TRUE,TRUE,Both
8,23464,TRUE,TRUE,Both
8,23472,TRUE,TRUE,Both
8,23480,TRUE,TRUE,Both
8,23499,TRUE,TRUE,Both
8,23501,TRUE,TRUE,Both
8,23528,TRUE,TRUE,Both
8,23536,TRUE,TRUE,Both
8,23544,TRUE,TRUE,Both
8,23552,TRUE,TRUE,Both
8,23579,TRUE,TRUE,Both
8,23587,TRUE,TRUE,Both
8,23624,TRUE,TRUE,Both
8,23632,TRUE,TRUE,Both
8,23640,TRUE,TRUE,Both
8,23659,TRUE,TRUE,Both
8,23675,TRUE,TRUE,Both
8,23683,TRUE,TRUE,Both
8,23691,TRUE,TRUE,Both
8,23712,TRUE,TRUE,Both
8,23720,FALSE,TRUE,B only
8,23739,TRUE,TRUE,Both
8,23755,FALSE,TRUE,B only
8,23800,TRUE,TRUE,Both
8,23819,TRUE,TRUE,Both
8,23827,TRUE,TRUE,Both
8,23835,TRUE,TRUE,Both
8,23851,TRUE,TRUE,Both
8,23878,TRUE,TRUE,Both
8,23886,FALSE,TRUE,B only
8,23894,TRUE,TRUE,Both
8,23907,TRUE,TRUE,Both
8,23915,TRUE,TRUE,Both
8,23923,TRUE,TRUE,Both
8,23931,TRUE,TRUE,Both
8,23982,TRUE,TRUE,Both
8,23990,TRUE,TRUE,Both
8,24002,TRUE,TRUE,Both
8,24010,TRUE,TRUE,Both
8,24037,TRUE,TRUE,Both
8,24045,FALSE,TRUE,B only
8,24053,TRUE,TRUE,Both
8,24061,TRUE,TRUE,Both
8,24088,TRUE,TRUE,Both
8,24096,TRUE,TRUE,Both
8,24109,TRUE,TRUE,Both
8,24117,TRUE,TRUE,Both
8,24125,FALSE,TRUE,B only
8,24141,TRUE,TRUE,Both
8,24176,TRUE,TRUE,Both
8,24184,TRUE,TRUE,Both
8,24192,TRUE,TRUE,Both
8,24205,TRUE,TRUE,Both
8,24213,TRUE,TRUE,Both
8,24221,TRUE,TRUE,Both
8,24248,TRUE,TRUE,Both
8,24256,FALSE,TRUE,B only
8,24272,TRUE,TRUE,Both
8,24280,TRUE,TRUE,Both
8,24299,FALSE,TRUE,B only
8,24301,TRUE,TRUE,Both
8,24328,TRUE,TRUE,Both
8,24336,TRUE,TRUE,Both
8,24344,TRUE,TRUE,Both
8,24352,TRUE,TRUE,Both
8,24360,TRUE,TRUE,Both
8,24379,TRUE,TRUE,Both
8,24387,TRUE,TRUE,Both
8,24408,TRUE,TRUE,Both
8,24416,TRUE,TRUE,Both
8,24424,TRUE,TRUE,Both
8,24432,TRUE,TRUE,Both
8,24440,TRUE,TRUE,Both
8,24459,TRUE,TRUE,Both
8,24467,TRUE,TRUE,Both
8,24483,TRUE,TRUE,Both
8,24491,TRUE,TRUE,Both
8,24504,TRUE,TRUE,Both
8,24512,TRUE,TRUE,Both
8,24539,TRUE,TRUE,Both
8,24555,TRUE,TRUE,Both
8,24563,TRUE,TRUE,Both
8,24571,TRUE,TRUE,Both
8,24598,TRUE,TRUE,Both
8,24600,TRUE,TRUE,Both
8,24619,TRUE,TRUE,Both
8,24627,TRUE,TRUE,Both
8,24635,TRUE,TRUE,Both
8,24643,TRUE,TRUE,Both
8,24651,TRUE,TRUE,Both
8,24678,TRUE,TRUE,Both
8,24686,TRUE,TRUE,Both
8,24694,TRUE,TRUE,Both
8,24707,TRUE,TRUE,Both
8,24715,TRUE,TRUE,Both
8,24723,TRUE,TRUE,Both
8,24731,TRUE,TRUE,Both
8,24758,TRUE,TRUE,Both
8,24766,TRUE,TRUE,Both
8,24790,TRUE,TRUE,Both
8,24803,TRUE,TRUE,Both
8,24811,TRUE,TRUE,Both
8,24846,TRUE,TRUE,Both
8,24854,TRUE,TRUE,Both
8,24862,TRUE,TRUE,Both
8,24870,FALSE,TRUE,B only
8,24889,TRUE,TRUE,Both
8,24897,TRUE,TRUE,Both
8,24918,TRUE,TRUE,Both
8,24926,TRUE,TRUE,Both
8,24934,TRUE,TRUE,Both
8,24942,TRUE,TRUE,Both
8,24950,TRUE,TRUE,Both
8,24969,TRUE,TRUE,Both
8,24985,TRUE,TRUE,Both
8,24993,TRUE,TRUE,Both
8,25005,TRUE,TRUE,Both
8,25013,TRUE,TRUE,Both
8,25021,TRUE,TRUE,Both
8,25048,TRUE,TRUE,Both
8,25056,TRUE,TRUE,Both
8,25064,TRUE,TRUE,Both
8,25072,TRUE,TRUE,Both
8,25080,TRUE,TRUE,Both
8,25099,TRUE,TRUE,Both
8,25101,TRUE,TRUE,Both
8,25128,TRUE,TRUE,Both
8,25144,TRUE,TRUE,Both
8,25152,TRUE,TRUE,Both
8,25160,TRUE,TRUE,Both
8,25195,FALSE,FALSE,Neither
8,25208,FALSE,FALSE,Neither
8,25216,FALSE,FALSE,Neither
8,25232,FALSE,FALSE,Neither
8,25283,FALSE,FALSE,Neither
8,25291,FALSE,FALSE,Neither
8,25304,FALSE,FALSE,Neither
8,25312,FALSE,FALSE,Neither
8,25320,FALSE,FALSE,Neither
8,25339,FALSE,FALSE,Neither
8,25347,FALSE,FALSE,Neither
8,25371,FALSE,FALSE,Neither
8,25398,FALSE,FALSE,Neither
8,25400,FALSE,FALSE,Neither
8,25419,FALSE,FALSE,Neither
8,25427,FALSE,FALSE,Neither
8,25443,FALSE,FALSE,Neither
8,25478,FALSE,FALSE,Neither
8,25486,TRUE,TRUE,Both
8,25507,FALSE,FALSE,Neither
8,25515,FALSE,FALSE,Neither
8,25523,FALSE,FALSE,Neither
8,25531,FALSE,FALSE,Neither
8,25574,FALSE,FALSE,Neither
8,25582,FALSE,FALSE,Neither
8,25590,FALSE,FALSE,Neither
8,25611,FALSE,FALSE,Neither
8,25638,FALSE,FALSE,Neither
8,25646,FALSE,FALSE,Neither
8,25654,FALSE,FALSE,Neither
8,25662,FALSE,FALSE,Neither
8,25689,FALSE,FALSE,Neither
8,25697,FALSE,FALSE,Neither
8,25718,FALSE,FALSE,Neither
8,25726,FALSE,FALSE,Neither
8,25750,FALSE,FALSE,Neither
8,25769,FALSE,FALSE,Neither
8,25785,FALSE,FALSE,Neither
8,25793,FALSE,FALSE,Neither
8,25806,FALSE,FALSE,Neither
8,25814,FALSE,FALSE,Neither
8,25830,FALSE,FALSE,Neither
8,25849,FALSE,FALSE,Neither
8,25865,FALSE,FALSE,Neither
8,25873,FALSE,FALSE,Neither
8,25902,FALSE,FALSE,Neither
8,25910,FALSE,FALSE,Neither
8,25929,FALSE,FALSE,Neither
8,25937,FALSE,FALSE,Neither
8,25953,FALSE,FALSE,Neither
8,25961,FALSE,FALSE,Neither
8,25988,FALSE,FALSE,Neither
8,26008,FALSE,FALSE,Neither
8,26016,FALSE,FALSE,Neither
8,26024,FALSE,FALSE,Neither
8,26059,FALSE,FALSE,Neither
8,26067,FALSE,FALSE,Neither
8,26075,FALSE,FALSE,Neither
8,26112,FALSE,FALSE,Neither
8,26120,FALSE,FALSE,Neither
8,26139,FALSE,FALSE,Neither
8,26155,FALSE,FALSE,Neither
8,26171,FALSE,FALSE,Neither
8,26198,FALSE,FALSE,Neither
8,26200,FALSE,FALSE,Neither
8,26219,FALSE,FALSE,Neither
8,26227,FALSE,FALSE,Neither
8,26235,FALSE,FALSE,Neither
8,26243,FALSE,FALSE,Neither
8,26251,FALSE,FALSE,Neither
8,26278,FALSE,FALSE,Neither
8,26286,FALSE,FALSE,Neither
8,26294,FALSE,FALSE,Neither
8,26307,FALSE,FALSE,Neither
8,26323,FALSE,FALSE,Neither
8,26331,FALSE,FALSE,Neither
8,26366,FALSE,FALSE,Neither
8,26374,FALSE,FALSE,Neither
8,26382,FALSE,FALSE,Neither
8,26390,FALSE,FALSE,Neither
8,26403,FALSE,FALSE,Neither
8,26438,FALSE,FALSE,Neither
8,26446,FALSE,FALSE,Neither
8,26454,FALSE,FALSE,Neither
8,26462,FALSE,FALSE,Neither
8,26470,FALSE,FALSE,Neither
8,26489,FALSE,FALSE,Neither
8,26497,FALSE,FALSE,Neither
8,26518,FALSE,FALSE,Neither
8,26526,FALSE,FALSE,Neither
8,26534,FALSE,FALSE,Neither
8,26542,FALSE,FALSE,Neither
8,26550,FALSE,FALSE,Neither
8,26569,FALSE,FALSE,Neither
8,26577,FALSE,FALSE,Neither
8,26585,FALSE,FALSE,Neither
8,26593,FALSE,FALSE,Neither
8,26606,FALSE,FALSE,Neither
8,26614,FALSE,FALSE,Neither
8,26622,FALSE,FALSE,Neither
8,26630,FALSE,FALSE,Neither
8,26657,FALSE,FALSE,Neither
8,26665,FALSE,FALSE,Neither
8,26673,FALSE,FALSE,Neither
8,26681,FALSE,FALSE,Neither
8,26702,FALSE,FALSE,Neither
8,26710,FALSE,FALSE,Neither
8,26729,FALSE,FALSE,Neither
8,26737,FALSE,FALSE,Neither
8,26745,FALSE,FALSE,Neither
8,26753,FALSE,FALSE,Neither
8,26761,FALSE,FALSE,Neither
8,26788,FALSE,FALSE,Neither
8,26796,FALSE,FALSE,Neither
8,26809,FALSE,FALSE,Neither
8,26817,FALSE,FALSE,Neither
8,26825,FALSE,FALSE,Neither
8,26833,FALSE,FALSE,Neither
8,26841,FALSE,FALSE,Neither
8,26868,FALSE,FALSE,Neither
8,26876,FALSE,FALSE,Neither
8,26884,FALSE,FALSE,Neither
8,26892,FALSE,FALSE,Neither
8,26905,FALSE,FALSE,Neither
8,26913,FALSE,FALSE,Neither
8,26921,FALSE,FALSE,Neither
8,26948,FALSE,FALSE,Neither
8,26956,FALSE,FALSE,Neither
8,26964,FALSE,FALSE,Neither
8,26980,FALSE,FALSE,Neither
8,26999,FALSE,FALSE,Neither
8,27000,FALSE,FALSE,Neither
8,27027,FALSE,FALSE,Neither
8,27035,FALSE,FALSE,Neither
8,27043,FALSE,FALSE,Neither
8,27051,FALSE,FALSE,Neither
8,27078,FALSE,FALSE,Neither
8,27086,FALSE,FALSE,Neither
8,27094,FALSE,FALSE,Neither
8,27107,FALSE,FALSE,Neither
8,27115,FALSE,FALSE,Neither
8,27123,FALSE,FALSE,Neither
8,27131,FALSE,FALSE,Neither
8,27158,FALSE,FALSE,Neither
8,27166,FALSE,FALSE,Neither
8,27174,FALSE,FALSE,Neither
8,27182,FALSE,FALSE,Neither
8,27190,FALSE,FALSE,Neither
8,27203,FALSE,FALSE,Neither
8,27211,FALSE,FALSE,Neither
8,27238,FALSE,FALSE,Neither
8,27254,FALSE,FALSE,Neither
8,27262,FALSE,FALSE,Neither
8,27270,FALSE,FALSE,Neither
8,27289,FALSE,FALSE,Neither
8,27297,FALSE,FALSE,Neither
8,27318,FALSE,FALSE,Neither
8,27326,FALSE,FALSE,Neither
8,27334,FALSE,FALSE,Neither
8,27342,FALSE,FALSE,Neither
8,27350,FALSE,FALSE,Neither
8,27369,FALSE,FALSE,Neither
8,27377,FALSE,FALSE,Neither
8,27385,FALSE,FALSE,Neither
8,27393,FALSE,FALSE,Neither
8,27406,FALSE,FALSE,Neither
8,27414,FALSE,FALSE,Neither
8,27422,FALSE,FALSE,Neither
8,27430,FALSE,FALSE,Neither
8,27449,FALSE,FALSE,Neither
8,27457,FALSE,FALSE,Neither
8,27465,FALSE,FALSE,Neither
8,27473,FALSE,FALSE,Neither
8,27481,FALSE,FALSE,Neither
8,27502,FALSE,FALSE,Neither
8,27510,FALSE,FALSE,Neither
8,27529,FALSE,FALSE,Neither
8,27537,FALSE,FALSE,Neither
8,27545,FALSE,FALSE,Neither
8,27553,FALSE,FALSE,Neither
8,27561,TRUE,TRUE,Both
8,27588,FALSE,FALSE,Neither
8,27596,FALSE,FALSE,Neither
8,27609,FALSE,FALSE,Neither
8,27617,FALSE,FALSE,Neither
8,27633,FALSE,FALSE,Neither
8,27641,FALSE,FALSE,Neither
8,27668,FALSE,FALSE,Neither
8,27676,FALSE,FALSE,Neither
8,27684,FALSE,FALSE,Neither
8,27692,FALSE,TRUE,B only
8,27705,FALSE,FALSE,Neither
8,27713,FALSE,FALSE,Neither
8,27721,FALSE,FALSE,Neither
8,27748,FALSE,FALSE,Neither
8,27756,FALSE,FALSE,Neither
8,27764,FALSE,FALSE,Neither
8,27772,FALSE,FALSE,Neither
8,27780,FALSE,FALSE,Neither
8,27799,FALSE,FALSE,Neither
8,27801,FALSE,FALSE,Neither
8,27828,FALSE,FALSE,Neither
8,27836,FALSE,FALSE,Neither
8,27852,FALSE,FALSE,Neither
8,27860,FALSE,FALSE,Neither
8,27879,FALSE,FALSE,Neither
8,27887,FALSE,FALSE,Neither
8,27895,FALSE,FALSE,Neither
8,27908,FALSE,FALSE,Neither
8,27916,FALSE,FALSE,Neither
8,27924,FALSE,FALSE,Neither
8,27932,FALSE,FALSE,Neither
8,27940,FALSE,FALSE,Neither
8,27959,FALSE,FALSE,Neither
8,27967,FALSE,FALSE,Neither
8,27983,FALSE,FALSE,Neither
8,27991,FALSE,FALSE,Neither
8,28003,FALSE,FALSE,Neither
8,28011,FALSE,FALSE,Neither
8,28038,FALSE,FALSE,Neither
8,28046,FALSE,FALSE,Neither
8,28054,FALSE,FALSE,Neither
8,28062,FALSE,FALSE,Neither
8,28070,FALSE,FALSE,Neither
8,28089,FALSE,FALSE,Neither
8,28097,FALSE,FALSE,Neither
8,28118,FALSE,FALSE,Neither
8,28126,FALSE,FALSE,Neither
8,28134,FALSE,FALSE,Neither
8,28142,FALSE,FALSE,Neither
8,28150,FALSE,FALSE,Neither
8,28169,FALSE,FALSE,Neither
8,28177,FALSE,FALSE,Neither
8,28185,FALSE,FALSE,Neither
8,28193,FALSE,FALSE,Neither
8,28206,FALSE,FALSE,Neither
8,28222,FALSE,FALSE,Neither
8,28230,FALSE,FALSE,Neither
8,28249,FALSE,FALSE,Neither
8,28257,FALSE,FALSE,Neither
8,28265,FALSE,FALSE,Neither
8,28273,FALSE,FALSE,Neither
8,28329,FALSE,FALSE,Neither
8,28337,FALSE,FALSE,Neither
8,28345,FALSE,FALSE,Neither
8,28353,FALSE,FALSE,Neither
8,28361,FALSE,FALSE,Neither
8,28388,FALSE,FALSE,Neither
8,28396,FALSE,FALSE,Neither
8,28409,FALSE,FALSE,Neither
8,28417,FALSE,FALSE,Neither
8,28425,FALSE,FALSE,Neither
8,28433,FALSE,FALSE,Neither
8,28441,FALSE,FALSE,Neither
8,28468,FALSE,FALSE,Neither
8,28476,FALSE,FALSE,Neither
8,28484,FALSE,FALSE,Neither
8,28492,FALSE,FALSE,Neither
8,28505,FALSE,FALSE,Neither
8,28513,TRUE,TRUE,Both
8,28521,FALSE,FALSE,Neither
8,28548,FALSE,FALSE,Neither
8,28556,FALSE,FALSE,Neither
8,28564,FALSE,FALSE,Neither
8,28572,FALSE,FALSE,Neither
8,28580,FALSE,FALSE,Neither
8,28599,FALSE,FALSE,Neither
8,31464,FALSE,FALSE,Neither
8,31659,FALSE,FALSE,Neither
8,32272,FALSE,FALSE,Neither
8,34016,FALSE,FALSE,Neither
8,34892,FALSE,FALSE,Neither
8,36249,FALSE,FALSE,Neither
8,36978,FALSE,FALSE,Neither
8,37129,FALSE,FALSE,Neither
8,38324,FALSE,FALSE,Neither
8,38375,FALSE,FALSE,Neither
8,38391,FALSE,FALSE,Neither
8,38404,FALSE,FALSE,Neither
8,38420,FALSE,FALSE,Neither
8,38455,FALSE,FALSE,Neither
8,38543,FALSE,FALSE,Neither
8,38578,FALSE,FALSE,Neither
8,38586,FALSE,FALSE,Neither
8,38594,FALSE,FALSE,Neither
8,38658,FALSE,FALSE,Neither
8,38682,FALSE,FALSE,Neither
8,38703,FALSE,FALSE,Neither
8,38754,FALSE,FALSE,Neither
8,38762,FALSE,FALSE,Neither
8,38826,FALSE,FALSE,Neither
8,38869,FALSE,FALSE,Neither
8,38877,FALSE,FALSE,Neither
8,53023,TRUE,TRUE,Both
8,58149,FALSE,FALSE,Neither
8,58843,FALSE,FALSE,Neither
8,68195,FALSE,FALSE,Neither
8,68523,FALSE,FALSE,Neither
8,86239,TRUE,TRUE,Both
9,10006,TRUE,TRUE,Both
9,10014,TRUE,TRUE,Both
9,10030,TRUE,TRUE,Both
9,10057,TRUE,TRUE,Both
9,10102,TRUE,TRUE,Both
9,10137,TRUE,TRUE,Both
9,10145,TRUE,TRUE,Both
9,10153,TRUE,TRUE,Both
9,10161,TRUE,TRUE,Both
9,10188,TRUE,TRUE,Both
9,10196,TRUE,TRUE,Both
9,10217,TRUE,TRUE,Both
9,10225,TRUE,TRUE,Both
9,10233,TRUE,TRUE,Both
9,10241,TRUE,TRUE,Both
9,10268,TRUE,TRUE,Both
9,10276,TRUE,TRUE,Both
9,10313,TRUE,TRUE,Both
9,10321,TRUE,TRUE,Both
9,10364,TRUE,TRUE,Both
9,10372,TRUE,TRUE,Both
9,10401,TRUE,TRUE,Both
9,10436,TRUE,TRUE,Both
9,10460,TRUE,TRUE,Both
9,10479,TRUE,TRUE,Both
9,10487,TRUE,TRUE,Both
9,10495,TRUE,TRUE,Both
9,10516,TRUE,TRUE,Both
9,10524,TRUE,TRUE,Both
9,10559,TRUE,TRUE,Both
9,10575,TRUE,TRUE,Both
9,10591,TRUE,TRUE,Both
9,10604,TRUE,TRUE,Both
9,10620,TRUE,TRUE,Both
9,10647,TRUE,TRUE,Both
9,10698,FALSE,TRUE,B only
9,10727,TRUE,TRUE,Both
9,10735,TRUE,TRUE,Both
9,10743,TRUE,TRUE,Both
9,10751,TRUE,TRUE,Both
9,10786,TRUE,TRUE,Both
9,10823,TRUE,TRUE,Both
9,10866,FALSE,TRUE,B only
9,10874,TRUE,TRUE,Both
9,10890,TRUE,TRUE,Both
9,10911,TRUE,TRUE,Both
9,10970,TRUE,TRUE,Both
9,10989,TRUE,TRUE,Both
9,11017,TRUE,TRUE,Both
9,11033,TRUE,TRUE,Both
9,11068,TRUE,TRUE,Both
9,11092,TRUE,TRUE,Both
9,11105,TRUE,TRUE,Both
9,11113,TRUE,TRUE,Both
9,11148,TRUE,TRUE,Both
9,11156,TRUE,TRUE,Both
9,11164,TRUE,TRUE,Both
9,11260,TRUE,TRUE,Both
9,11295,TRUE,TRUE,Both
9,11308,TRUE,TRUE,Both
9,11332,TRUE,TRUE,Both
9,11340,TRUE,TRUE,Both
9,11367,TRUE,TRUE,Both
9,11375,TRUE,TRUE,Both
9,11391,TRUE,TRUE,Both
9,11404,TRUE,TRUE,Both
9,11447,TRUE,TRUE,Both
9,11455,TRUE,TRUE,Both
9,11463,TRUE,TRUE,Both
9,11471,TRUE,TRUE,Both
9,11498,TRUE,TRUE,Both
9,11527,TRUE,TRUE,Both
9,11543,TRUE,TRUE,Both
9,11607,TRUE,TRUE,Both
9,11658,TRUE,TRUE,Both
9,11674,TRUE,TRUE,Both
9,11690,TRUE,TRUE,Both
9,11703,TRUE,TRUE,Both
9,11746,TRUE,TRUE,Both
9,11754,TRUE,TRUE,Both
9,11762,TRUE,TRUE,Both
9,11826,TRUE,TRUE,Both
9,11834,TRUE,TRUE,Both
9,11850,TRUE,TRUE,Both
9,11949,TRUE,TRUE,Both
9,11981,TRUE,TRUE,Both
9,12036,TRUE,TRUE,Both
9,12044,TRUE,TRUE,Both
9,12052,TRUE,TRUE,Both
9,12060,TRUE,TRUE,Both
9,12079,TRUE,TRUE,Both
9,12087,TRUE,TRUE,Both
9,12095,TRUE,TRUE,Both
9,12124,TRUE,TRUE,Both
9,12132,TRUE,TRUE,Both
9,12140,TRUE,TRUE,Both
9,12159,TRUE,TRUE,Both
9,12167,TRUE,TRUE,Both
9,12183,TRUE,TRUE,Both
9,12191,TRUE,TRUE,Both
9,12220,TRUE,TRUE,Both
9,12271,TRUE,TRUE,Both
9,12298,TRUE,TRUE,Both
9,12319,TRUE,TRUE,Both
9,12343,TRUE,TRUE,Both
9,12386,TRUE,TRUE,Both
9,12431,TRUE,TRUE,Both
9,12458,TRUE,TRUE,Both
9,12466,TRUE,TRUE,Both
9,12490,TRUE,TRUE,Both
9,12503,TRUE,TRUE,Both
9,12511,TRUE,TRUE,Both
9,12538,TRUE,TRUE,Both
9,12562,FALSE,TRUE,B only
9,12570,TRUE,TRUE,Both
9,12626,TRUE,TRUE,Both
9,12650,TRUE,TRUE,Both
9,12669,TRUE,TRUE,Both
9,12706,TRUE,TRUE,Both
9,12730,TRUE,TRUE,Both
9,12749,TRUE,TRUE,Both
9,12781,TRUE,TRUE,Both
9,12837,TRUE,TRUE,Both
9,12888,TRUE,TRUE,Both
9,12896,TRUE,TRUE,Both
9,12909,TRUE,TRUE,Both
9,12933,TRUE,TRUE,Both
9,12941,TRUE,TRUE,Both
9,12976,TRUE,TRUE,Both
9,12984,TRUE,TRUE,Both
9,13012,TRUE,TRUE,Both
9,13047,TRUE,TRUE,Both
9,13063,TRUE,TRUE,Both
9,13100,TRUE,TRUE,Both
9,13119,TRUE,TRUE,Both
9,13143,TRUE,TRUE,Both
9,13207,TRUE,TRUE,Both
9,13290,TRUE,TRUE,Both
9,13303,TRUE,TRUE,Both
9,13311,TRUE,TRUE,Both
9,13354,TRUE,TRUE,Both
9,13370,TRUE,TRUE,Both
9,13434,TRUE,TRUE,Both
9,13450,TRUE,TRUE,Both
9,13522,TRUE,TRUE,Both
9,13557,TRUE,TRUE,Both
9,13565,TRUE,TRUE,Both
9,13573,TRUE,TRUE,Both
9,13610,TRUE,TRUE,Both
9,13637,TRUE,TRUE,Both
9,13653,TRUE,TRUE,Both
9,13661,TRUE,TRUE,Both
9,13688,TRUE,TRUE,Both
9,13696,TRUE,TRUE,Both
9,13792,TRUE,TRUE,Both
9,13821,TRUE,TRUE,Both
9,13856,TRUE,TRUE,Both
9,13901,TRUE,TRUE,Both
9,13928,TRUE,TRUE,Both
9,13936,TRUE,TRUE,Both
9,13987,TRUE,TRUE,Both
9,14066,TRUE,TRUE,Both
9,14090,TRUE,TRUE,Both
9,14154,TRUE,TRUE,Both
9,14189,TRUE,TRUE,Both
9,14218,TRUE,TRUE,Both
9,14250,TRUE,TRUE,Both
9,14306,TRUE,TRUE,Both
9,14322,TRUE,TRUE,Both
9,14357,TRUE,TRUE,Both
9,14373,TRUE,TRUE,Both
9,14402,TRUE,TRUE,Both
9,14429,TRUE,TRUE,Both
9,14437,FALSE,TRUE,B only
9,14461,TRUE,TRUE,Both
9,14488,TRUE,TRUE,Both
9,14496,TRUE,TRUE,Both
9,14509,TRUE,TRUE,Both
9,14525,TRUE,TRUE,Both
9,14533,TRUE,TRUE,Both
9,14541,TRUE,TRUE,Both
9,14592,TRUE,TRUE,Both
9,14605,TRUE,TRUE,Both
9,14613,TRUE,TRUE,Both
9,14656,TRUE,TRUE,Both
9,14699,TRUE,TRUE,Both
9,14701,TRUE,TRUE,Both
9,14736,TRUE,TRUE,Both
9,14760,TRUE,TRUE,Both
9,14795,TRUE,TRUE,Both
9,14816,TRUE,TRUE,Both
9,14824,TRUE,TRUE,Both
9,14859,TRUE,TRUE,Both
9,14867,TRUE,TRUE,Both
9,14883,TRUE,TRUE,Both
9,14891,TRUE,TRUE,Both
9,14904,TRUE,TRUE,Both
9,14912,TRUE,TRUE,Both
9,14955,TRUE,TRUE,Both
9,15034,TRUE,TRUE,Both
9,15042,TRUE,TRUE,Both
9,15050,TRUE,TRUE,Both
9,15069,TRUE,TRUE,Both
9,15077,TRUE,TRUE,Both
9,15149,TRUE,TRUE,Both
9,15157,TRUE,TRUE,Both
9,15202,TRUE,TRUE,Both
9,15229,TRUE,TRUE,Both
9,15237,TRUE,TRUE,Both
9,15317,TRUE,TRUE,Both
9,15325,TRUE,TRUE,Both
9,15341,TRUE,TRUE,Both
9,15368,TRUE,TRUE,Both
9,15448,TRUE,TRUE,Both
9,15456,TRUE,TRUE,Both
9,15464,TRUE,TRUE,Both
9,15472,TRUE,TRUE,Both
9,15499,TRUE,TRUE,Both
9,15528,TRUE,TRUE,Both
9,15536,TRUE,TRUE,Both
9,15544,TRUE,TRUE,Both
9,15560,TRUE,TRUE,Both
9,15579,TRUE,TRUE,Both
9,15624,TRUE,TRUE,Both
9,15659,TRUE,TRUE,Both
9,15667,TRUE,TRUE,Both
9,15712,TRUE,TRUE,Both
9,15720,TRUE,TRUE,Both
9,15747,TRUE,TRUE,Both
9,15755,TRUE,TRUE,Both
9,15763,TRUE,TRUE,Both
9,15798,TRUE,TRUE,Both
9,15819,TRUE,TRUE,Both
9,15835,TRUE,TRUE,Both
9,15843,TRUE,TRUE,Both
9,15915,TRUE,TRUE,Both
9,15923,TRUE,TRUE,Both
9,15966,TRUE,TRUE,Both
9,15974,TRUE,TRUE,Both
9,16029,TRUE,TRUE,Both
9,16053,TRUE,TRUE,Both
9,16088,TRUE,TRUE,Both
9,16096,TRUE,TRUE,Both
9,16109,TRUE,TRUE,Both
9,16117,FALSE,TRUE,B only
9,16141,TRUE,TRUE,Both
9,16205,TRUE,TRUE,Both
9,16272,TRUE,TRUE,Both
9,16280,TRUE,TRUE,Both
9,16328,TRUE,TRUE,Both
9,16336,TRUE,TRUE,Both
9,16360,TRUE,TRUE,Both
9,16424,TRUE,TRUE,Both
9,16432,TRUE,TRUE,Both
9,16512,TRUE,TRUE,Both
9,16555,TRUE,TRUE,Both
9,16571,TRUE,TRUE,Both
9,16598,TRUE,TRUE,Both
9,16600,TRUE,TRUE,Both
9,16619,TRUE,TRUE,Both
9,16643,TRUE,TRUE,Both
9,16651,TRUE,TRUE,Both
9,16678,TRUE,TRUE,Both
9,16686,TRUE,TRUE,Both
9,16707,TRUE,TRUE,Both
9,16723,TRUE,TRUE,Both
9,16731,TRUE,TRUE,Both
9,16758,TRUE,TRUE,Both
9,16803,TRUE,TRUE,Both
9,16870,TRUE,TRUE,Both
9,16969,TRUE,TRUE,Both
9,16985,TRUE,TRUE,Both
9,17005,TRUE,TRUE,Both
9,17048,TRUE,TRUE,Both
9,17072,TRUE,TRUE,Both
9,17128,TRUE,TRUE,Both
9,17144,TRUE,TRUE,Both
9,17224,TRUE,TRUE,Both
9,17232,TRUE,TRUE,Both
9,17240,TRUE,TRUE,Both
9,17267,TRUE,TRUE,Both
9,17291,TRUE,TRUE,Both
9,17304,TRUE,TRUE,Both
9,17339,TRUE,TRUE,Both
9,17347,TRUE,TRUE,Both
9,17400,TRUE,TRUE,Both
9,17435,TRUE,TRUE,Both
9,17443,TRUE,TRUE,Both
9,17451,TRUE,TRUE,Both
9,17478,TRUE,TRUE,Both
9,17515,TRUE,TRUE,Both
9,17523,TRUE,TRUE,Both
9,17558,TRUE,TRUE,Both
9,17566,TRUE,TRUE,Both
9,17590,TRUE,TRUE,Both
9,17646,TRUE,TRUE,Both
9,17654,TRUE,TRUE,Both
9,17670,TRUE,TRUE,Both
9,17718,TRUE,TRUE,Both
9,17726,TRUE,TRUE,Both
9,17734,TRUE,TRUE,Both
9,17742,TRUE,TRUE,Both
9,17750,TRUE,TRUE,Both
9,17777,TRUE,TRUE,Both
9,17806,TRUE,TRUE,Both
9,17814,TRUE,TRUE,Both
9,17822,FALSE,TRUE,B only
9,17830,TRUE,TRUE,Both
9,17849,TRUE,TRUE,Both
9,17865,TRUE,TRUE,Both
9,17902,TRUE,TRUE,Both
9,17910,TRUE,TRUE,Both
9,17929,TRUE,TRUE,Both
9,17953,TRUE,TRUE,Both
9,17961,TRUE,TRUE,Both
9,18016,TRUE,TRUE,Both
9,18032,TRUE,TRUE,Both
9,18067,TRUE,TRUE,Both
9,18075,TRUE,TRUE,Both
9,18091,TRUE,TRUE,Both
9,18112,TRUE,TRUE,Both
9,18147,TRUE,TRUE,Both
9,18163,TRUE,TRUE,Both
9,18171,TRUE,TRUE,Both
9,18198,TRUE,TRUE,Both
9,18200,FALSE,TRUE,B only
9,18243,TRUE,TRUE,Both
9,18251,TRUE,TRUE,Both
9,18278,TRUE,TRUE,Both
9,18286,TRUE,TRUE,Both
9,18315,TRUE,TRUE,Both
9,18331,TRUE,TRUE,Both
9,18358,TRUE,TRUE,Both
9,18374,TRUE,TRUE,Both
9,18382,TRUE,TRUE,Both
9,18390,TRUE,TRUE,Both
9,18403,TRUE,TRUE,Both
9,18411,TRUE,TRUE,Both
9,18438,TRUE,TRUE,Both
9,18446,TRUE,TRUE,Both
9,18542,TRUE,TRUE,Both
9,18550,TRUE,TRUE,Both
9,18569,TRUE,TRUE,Both
9,18585,TRUE,TRUE,Both
9,18606,TRUE,TRUE,Both
9,18649,TRUE,TRUE,Both
9,18673,TRUE,TRUE,Both
9,18681,TRUE,TRUE,Both
9,18702,TRUE,TRUE,Both
9,18710,FALSE,TRUE,B only
9,18729,TRUE,TRUE,Both
9,18796,TRUE,TRUE,Both
9,18817,TRUE,TRUE,Both
9,18825,TRUE,TRUE,Both
9,18841,TRUE,TRUE,Both
9,18884,TRUE,TRUE,Both
9,18905,TRUE,TRUE,Both
9,18921,TRUE,TRUE,Both
9,18948,TRUE,TRUE,Both
9,18980,TRUE,TRUE,Both
9,18999,TRUE,TRUE,Both
9,19019,TRUE,TRUE,Both
9,19027,TRUE,TRUE,Both
9,19035,TRUE,TRUE,Both
9,19043,TRUE,TRUE,Both
9,19051,TRUE,TRUE,Both
9,19107,TRUE,TRUE,Both
9,19131,TRUE,TRUE,Both
9,19158,TRUE,TRUE,Both
9,19166,TRUE,TRUE,Both
9,19174,TRUE,TRUE,Both
9,19190,TRUE,TRUE,Both
9,19203,TRUE,TRUE,Both
9,19211,TRUE,TRUE,Both
9,19238,TRUE,TRUE,Both
9,19254,TRUE,TRUE,Both
9,19270,TRUE,TRUE,Both
9,19289,TRUE,TRUE,Both
9,19297,TRUE,TRUE,Both
9,19334,TRUE,TRUE,Both
9,19350,TRUE,TRUE,Both
9,19377,TRUE,TRUE,Both
9,19385,TRUE,TRUE,Both
9,19393,TRUE,TRUE,Both
9,19406,TRUE,TRUE,Both
9,19414,TRUE,TRUE,Both
9,19430,TRUE,TRUE,Both
9,19502,TRUE,TRUE,Both
9,19510,TRUE,TRUE,Both
9,19537,TRUE,TRUE,Both
9,19553,TRUE,TRUE,Both
9,19561,TRUE,TRUE,Both
9,19596,TRUE,TRUE,Both
9,19617,TRUE,TRUE,Both
9,19633,TRUE,TRUE,Both
9,19676,TRUE,TRUE,Both
9,19684,TRUE,TRUE,Both
9,19692,TRUE,TRUE,Both
9,19713,TRUE,TRUE,Both
9,19721,TRUE,TRUE,Both
9,19756,TRUE,TRUE,Both
9,19764,TRUE,TRUE,Both
9,19799,TRUE,TRUE,Both
9,19828,FALSE,TRUE,B only
9,19844,TRUE,TRUE,Both
9,19852,TRUE,TRUE,Both
9,19860,TRUE,TRUE,Both
9,19879,TRUE,TRUE,Both
9,19887,TRUE,TRUE,Both
9,19895,TRUE,TRUE,Both
9,19932,TRUE,TRUE,Both
9,19940,FALSE,TRUE,B only
9,19975,TRUE,TRUE,Both
9,20001,TRUE,TRUE,Both
9,20036,TRUE,TRUE,Both
9,20052,TRUE,TRUE,Both
9,20079,TRUE,TRUE,Both
9,20087,TRUE,TRUE,Both
9,20095,TRUE,TRUE,Both
9,20116,TRUE,TRUE,Both
9,20124,TRUE,TRUE,Both
9,20132,TRUE,TRUE,Both
9,20140,FALSE,TRUE,B only
9,20167,TRUE,TRUE,Both
9,20175,TRUE,TRUE,Both
9,20183,TRUE,TRUE,Both
9,20204,TRUE,TRUE,Both
9,20220,TRUE,TRUE,Both
9,20239,TRUE,TRUE,Both
9,20247,TRUE,TRUE,Both
9,20255,TRUE,TRUE,Both
9,20263,TRUE,TRUE,Both
9,20335,TRUE,TRUE,Both
9,20343,TRUE,TRUE,Both
9,20386,TRUE,TRUE,Both
9,20394,TRUE,TRUE,Both
9,20407,TRUE,TRUE,Both
9,20415,TRUE,TRUE,Both
9,20431,TRUE,TRUE,Both
9,20458,TRUE,TRUE,Both
9,20474,TRUE,TRUE,Both
9,20482,TRUE,TRUE,Both
9,20546,TRUE,TRUE,Both
9,20562,TRUE,TRUE,Both
9,20570,TRUE,TRUE,Both
9,20589,TRUE,TRUE,Both
9,20618,TRUE,TRUE,Both
9,20626,TRUE,TRUE,Both
9,20677,TRUE,TRUE,Both
9,20693,TRUE,TRUE,Both
9,20706,TRUE,TRUE,Both
9,20714,TRUE,TRUE,Both
9,20730,TRUE,TRUE,Both
9,20757,TRUE,TRUE,Both
9,20765,TRUE,TRUE,Both
9,20773,TRUE,TRUE,Both
9,20837,TRUE,TRUE,Both
9,20845,TRUE,TRUE,Both
9,20853,TRUE,TRUE,Both
9,20888,TRUE,TRUE,Both
9,20909,TRUE,TRUE,Both
9,20917,TRUE,TRUE,Both
9,20933,TRUE,TRUE,Both
9,20968,TRUE,TRUE,Both
9,20976,TRUE,TRUE,Both
9,20984,TRUE,TRUE,Both
9,20992,TRUE,TRUE,Both
9,21004,TRUE,TRUE,Both
9,21020,TRUE,TRUE,Both
9,21039,TRUE,TRUE,Both
9,21055,TRUE,TRUE,Both
9,21071,FALSE,TRUE,B only
9,21119,TRUE,TRUE,Both
9,21127,TRUE,TRUE,Both
9,21135,TRUE,TRUE,Both
9,21143,TRUE,TRUE,Both
9,21151,TRUE,TRUE,Both
9,21178,TRUE,TRUE,Both
9,21186,TRUE,TRUE,Both
9,21194,TRUE,TRUE,Both
9,21207,TRUE,TRUE,Both
9,21231,TRUE,TRUE,Both
9,21258,TRUE,TRUE,Both
9,21266,TRUE,TRUE,Both
9,21274,TRUE,TRUE,Both
9,21282,TRUE,TRUE,Both
9,21290,TRUE,TRUE,Both
9,21303,TRUE,TRUE,Both
9,21338,TRUE,TRUE,Both
9,21346,TRUE,TRUE,Both
9,21354,TRUE,TRUE,Both
9,21370,TRUE,TRUE,Both
9,21389,TRUE,TRUE,Both
9,21397,TRUE,TRUE,Both
9,21418,TRUE,TRUE,Both
9,21434,TRUE,TRUE,Both
9,21442,TRUE,TRUE,Both
9,21450,TRUE,TRUE,Both
9,21469,TRUE,TRUE,Both
9,21485,TRUE,TRUE,Both
9,21493,TRUE,TRUE,Both
9,21506,TRUE,TRUE,Both
9,21514,TRUE,TRUE,Both
9,21522,TRUE,TRUE,Both
9,21530,TRUE,TRUE,Both
9,21557,TRUE,TRUE,Both
9,21573,TRUE,TRUE,Both
9,21610,TRUE,TRUE,Both
9,21629,TRUE,TRUE,Both
9,21653,TRUE,TRUE,Both
9,21709,TRUE,TRUE,Both
9,21733,TRUE,TRUE,Both
9,21768,TRUE,TRUE,Both
9,21776,TRUE,TRUE,Both
9,21792,TRUE,TRUE,Both
9,21813,TRUE,TRUE,Both
9,21821,TRUE,TRUE,Both
9,21856,TRUE,TRUE,Both
9,21864,TRUE,TRUE,Both
9,21872,TRUE,TRUE,Both
9,21928,TRUE,TRUE,Both
9,21936,TRUE,TRUE,Both
9,21960,TRUE,TRUE,Both
9,21979,TRUE,TRUE,Both
9,21987,TRUE,TRUE,Both
9,21995,TRUE,TRUE,Both
9,22007,TRUE,TRUE,Both
9,22023,TRUE,TRUE,Both
9,22058,TRUE,TRUE,Both
9,22066,TRUE,TRUE,Both
9,22074,TRUE,TRUE,Both
9,22082,TRUE,TRUE,Both
9,22090,FALSE,TRUE,B only
9,22103,TRUE,TRUE,Both
9,22111,TRUE,TRUE,Both
9,22138,TRUE,TRUE,Both
9,22162,TRUE,TRUE,Both
9,22170,TRUE,TRUE,Both
9,22189,TRUE,TRUE,Both
9,22197,TRUE,TRUE,Both
9,22218,TRUE,TRUE,Both
9,22226,TRUE,TRUE,Both
9,22234,TRUE,TRUE,Both
9,22250,TRUE,TRUE,Both
9,22269,TRUE,TRUE,Both
9,22277,TRUE,TRUE,Both
9,22285,TRUE,TRUE,Both
9,22293,FALSE,TRUE,B only
9,22322,TRUE,TRUE,Both
9,22330,TRUE,TRUE,Both
9,22357,TRUE,TRUE,Both
9,22373,TRUE,TRUE,Both
9,22402,TRUE,TRUE,Both
9,22410,TRUE,TRUE,Both
9,22429,TRUE,TRUE,Both
9,22437,TRUE,TRUE,Both
9,22461,TRUE,TRUE,Both
9,22488,TRUE,TRUE,Both
9,22496,TRUE,TRUE,Both
9,22509,TRUE,TRUE,Both
9,22517,TRUE,TRUE,Both
9,22525,TRUE,TRUE,Both
9,22533,TRUE,TRUE,Both
9,22541,TRUE,TRUE,Both
9,22568,TRUE,TRUE,Both
9,22592,TRUE,TRUE,Both
9,22605,TRUE,TRUE,Both
9,22613,TRUE,TRUE,Both
9,22621,TRUE,TRUE,Both
9,22648,FALSE,TRUE,B only
9,22664,TRUE,TRUE,Both
9,22680,TRUE,TRUE,Both
9,22699,TRUE,TRUE,Both
9,22701,TRUE,TRUE,Both
9,22728,TRUE,TRUE,Both
9,22752,TRUE,TRUE,Both
9,22760,TRUE,TRUE,Both
9,22779,TRUE,TRUE,Both
9,22787,TRUE,TRUE,Both
9,22795,FALSE,TRUE,B only
9,22808,TRUE,TRUE,Both
9,22816,TRUE,TRUE,Both
9,22824,TRUE,TRUE,Both
9,22840,TRUE,TRUE,Both
9,22859,TRUE,TRUE,Both
9,22867,TRUE,TRUE,Both
9,22891,TRUE,TRUE,Both
9,22904,TRUE,TRUE,Both
9,22912,TRUE,TRUE,Both
9,22920,TRUE,TRUE,Both
9,22939,TRUE,TRUE,Both
9,22947,TRUE,TRUE,Both
9,22955,TRUE,TRUE,Both
9,22971,TRUE,TRUE,Both
9,22998,TRUE,TRUE,Both
9,23018,TRUE,TRUE,Both
9,23026,TRUE,TRUE,Both
9,23034,TRUE,TRUE,Both
9,23042,TRUE,TRUE,Both
9,23050,TRUE,TRUE,Both
9,23069,TRUE,TRUE,Both
9,23077,TRUE,TRUE,Both
9,23085,TRUE,TRUE,Both
9,23106,TRUE,TRUE,Both
9,23114,TRUE,TRUE,Both
9,23130,TRUE,TRUE,Both
9,23149,TRUE,TRUE,Both
9,23202,TRUE,TRUE,Both
9,23210,TRUE,TRUE,Both
9,23229,TRUE,TRUE,Both
9,23237,TRUE,TRUE,Both
9,23245,TRUE,TRUE,Both
9,23253,TRUE,TRUE,Both
9,23261,TRUE,TRUE,Both
9,23288,TRUE,TRUE,Both
9,23296,TRUE,TRUE,Both
9,23309,TRUE,TRUE,Both
9,23317,TRUE,TRUE,Both
9,23325,TRUE,TRUE,Both
9,23333,TRUE,TRUE,Both
9,23341,TRUE,TRUE,Both
9,23376,TRUE,TRUE,Both
9,23384,TRUE,TRUE,Both
9,23405,TRUE,TRUE,Both
9,23421,TRUE,TRUE,Both
9,23448,TRUE,TRUE,Both
9,23456,TRUE,TRUE,Both
9,23464,TRUE,TRUE,Both
9,23472,TRUE,TRUE,Both
9,23480,TRUE,TRUE,Both
9,23499,TRUE,TRUE,Both
9,23501,TRUE,TRUE,Both
9,23528,TRUE,TRUE,Both
9,23536,TRUE,TRUE,Both
9,23544,TRUE,TRUE,Both
9,23552,TRUE,TRUE,Both
9,23579,TRUE,TRUE,Both
9,23587,TRUE,TRUE,Both
9,23624,TRUE,TRUE,Both
9,23640,FALSE,TRUE,B only
9,23659,TRUE,TRUE,Both
9,23683,TRUE,TRUE,Both
9,23691,TRUE,TRUE,Both
9,23712,TRUE,TRUE,Both
9,23720,TRUE,TRUE,Both
9,23800,TRUE,TRUE,Both
9,23819,TRUE,TRUE,Both
9,23827,TRUE,TRUE,Both
9,23835,TRUE,TRUE,Both
9,23851,TRUE,TRUE,Both
9,23878,TRUE,TRUE,Both
9,23886,TRUE,TRUE,Both
9,23894,TRUE,TRUE,Both
9,23907,TRUE,TRUE,Both
9,23915,TRUE,TRUE,Both
9,23923,TRUE,TRUE,Both
9,23931,TRUE,TRUE,Both
9,23990,TRUE,TRUE,Both
9,24002,TRUE,TRUE,Both
9,24010,TRUE,TRUE,Both
9,24037,TRUE,TRUE,Both
9,24045,FALSE,TRUE,B only
9,24053,FALSE,TRUE,B only
9,24061,TRUE,TRUE,Both
9,24088,TRUE,TRUE,Both
9,24096,FALSE,TRUE,B only
9,24109,TRUE,TRUE,Both
9,24117,TRUE,TRUE,Both
9,24141,TRUE,TRUE,Both
9,24184,TRUE,TRUE,Both
9,24192,TRUE,TRUE,Both
9,24205,TRUE,TRUE,Both
9,24213,TRUE,TRUE,Both
9,24221,TRUE,TRUE,Both
9,24248,TRUE,TRUE,Both
9,24256,FALSE,TRUE,B only
9,24272,TRUE,TRUE,Both
9,24280,TRUE,TRUE,Both
9,24299,FALSE,TRUE,B only
9,24301,TRUE,TRUE,Both
9,24328,TRUE,TRUE,Both
9,24336,TRUE,TRUE,Both
9,24344,TRUE,TRUE,Both
9,24352,TRUE,TRUE,Both
9,24360,TRUE,TRUE,Both
9,24379,TRUE,TRUE,Both
9,24416,TRUE,TRUE,Both
9,24424,TRUE,TRUE,Both
9,24432,TRUE,TRUE,Both
9,24440,TRUE,TRUE,Both
9,24459,TRUE,TRUE,Both
9,24467,FALSE,TRUE,B only
9,24483,TRUE,TRUE,Both
9,24491,TRUE,TRUE,Both
9,24504,TRUE,TRUE,Both
9,24512,TRUE,TRUE,Both
9,24539,TRUE,TRUE,Both
9,24555,TRUE,TRUE,Both
9,24563,TRUE,TRUE,Both
9,24571,TRUE,TRUE,Both
9,24598,TRUE,TRUE,Both
9,24600,TRUE,TRUE,Both
9,24619,TRUE,TRUE,Both
9,24627,TRUE,TRUE,Both
9,24635,TRUE,TRUE,Both
9,24643,TRUE,TRUE,Both
9,24651,TRUE,TRUE,Both
9,24678,TRUE,TRUE,Both
9,24686,TRUE,TRUE,Both
9,24694,TRUE,TRUE,Both
9,24707,TRUE,TRUE,Both
9,24715,TRUE,TRUE,Both
9,24723,TRUE,TRUE,Both
9,24731,TRUE,TRUE,Both
9,24766,TRUE,TRUE,Both
9,24790,TRUE,TRUE,Both
9,24803,TRUE,TRUE,Both
9,24811,TRUE,TRUE,Both
9,24846,TRUE,TRUE,Both
9,24854,TRUE,TRUE,Both
9,24862,TRUE,TRUE,Both
9,24870,TRUE,TRUE,Both
9,24889,TRUE,TRUE,Both
9,24897,TRUE,TRUE,Both
9,24918,TRUE,TRUE,Both
9,24926,TRUE,TRUE,Both
9,24934,TRUE,TRUE,Both
9,24942,TRUE,TRUE,Both
9,24969,TRUE,TRUE,Both
9,24985,TRUE,TRUE,Both
9,25005,TRUE,TRUE,Both
9,25013,TRUE,TRUE,Both
9,25021,TRUE,TRUE,Both
9,25048,TRUE,TRUE,Both
9,25056,TRUE,TRUE,Both
9,25064,TRUE,TRUE,Both
9,25072,TRUE,TRUE,Both
9,25080,TRUE,TRUE,Both
9,25099,TRUE,TRUE,Both
9,25101,TRUE,TRUE,Both
9,25144,TRUE,TRUE,Both
9,25160,TRUE,TRUE,Both
9,25195,TRUE,TRUE,Both
9,25208,TRUE,TRUE,Both
9,25216,TRUE,TRUE,Both
9,25232,TRUE,TRUE,Both
9,25283,TRUE,TRUE,Both
9,25291,TRUE,TRUE,Both
9,25304,TRUE,TRUE,Both
9,25312,TRUE,TRUE,Both
9,25320,TRUE,TRUE,Both
9,25347,TRUE,TRUE,Both
9,25371,TRUE,TRUE,Both
9,25398,TRUE,TRUE,Both
9,25419,TRUE,TRUE,Both
9,25427,TRUE,TRUE,Both
9,25443,TRUE,TRUE,Both
9,25478,TRUE,TRUE,Both
9,25507,TRUE,TRUE,Both
9,25515,TRUE,TRUE,Both
9,25523,TRUE,TRUE,Both
9,25531,TRUE,TRUE,Both
9,25574,TRUE,TRUE,Both
9,25582,TRUE,TRUE,Both
9,25590,TRUE,TRUE,Both
9,25611,TRUE,TRUE,Both
9,25638,TRUE,TRUE,Both
9,25646,TRUE,TRUE,Both
9,25654,TRUE,TRUE,Both
9,25662,TRUE,TRUE,Both
9,25689,TRUE,TRUE,Both
9,25697,TRUE,TRUE,Both
9,25718,TRUE,TRUE,Both
9,25726,TRUE,TRUE,Both
9,25750,TRUE,TRUE,Both
9,25769,TRUE,TRUE,Both
9,25785,TRUE,TRUE,Both
9,25806,TRUE,TRUE,Both
9,25814,TRUE,TRUE,Both
9,25849,TRUE,TRUE,Both
9,25873,TRUE,TRUE,Both
9,25902,TRUE,TRUE,Both
9,25910,TRUE,TRUE,Both
9,25929,TRUE,TRUE,Both
9,25937,TRUE,TRUE,Both
9,25953,TRUE,TRUE,Both
9,25961,TRUE,TRUE,Both
9,25988,TRUE,TRUE,Both
9,26016,TRUE,TRUE,Both
9,26024,TRUE,TRUE,Both
9,26059,TRUE,TRUE,Both
9,26067,TRUE,TRUE,Both
9,26075,TRUE,TRUE,Both
9,26112,TRUE,TRUE,Both
9,26120,TRUE,TRUE,Both
9,26139,TRUE,TRUE,Both
9,26155,TRUE,TRUE,Both
9,26200,TRUE,TRUE,Both
9,26227,TRUE,TRUE,Both
9,26235,TRUE,TRUE,Both
9,26243,TRUE,TRUE,Both
9,26278,TRUE,TRUE,Both
9,26286,TRUE,TRUE,Both
9,26294,TRUE,TRUE,Both
9,26307,TRUE,TRUE,Both
9,26323,TRUE,TRUE,Both
9,26331,TRUE,TRUE,Both
9,26366,TRUE,TRUE,Both
9,26374,TRUE,TRUE,Both
9,26382,TRUE,TRUE,Both
9,26390,TRUE,TRUE,Both
9,26403,TRUE,TRUE,Both
9,26438,TRUE,TRUE,Both
9,26446,TRUE,TRUE,Both
9,26454,TRUE,TRUE,Both
9,26462,TRUE,TRUE,Both
9,26470,TRUE,TRUE,Both
9,26489,FALSE,FALSE,Neither
9,26497,FALSE,FALSE,Neither
9,26518,FALSE,FALSE,Neither
9,26526,FALSE,FALSE,Neither
9,26534,FALSE,FALSE,Neither
9,26542,FALSE,FALSE,Neither
9,26550,FALSE,FALSE,Neither
9,26569,FALSE,FALSE,Neither
9,26577,FALSE,FALSE,Neither
9,26585,FALSE,FALSE,Neither
9,26593,FALSE,FALSE,Neither
9,26606,FALSE,FALSE,Neither
9,26614,FALSE,FALSE,Neither
9,26622,FALSE,FALSE,Neither
9,26630,FALSE,FALSE,Neither
9,26657,FALSE,FALSE,Neither
9,26665,FALSE,FALSE,Neither
9,26673,FALSE,FALSE,Neither
9,26681,FALSE,FALSE,Neither
9,26702,FALSE,FALSE,Neither
9,26710,FALSE,FALSE,Neither
9,26729,FALSE,FALSE,Neither
9,26737,FALSE,FALSE,Neither
9,26753,FALSE,FALSE,Neither
9,26761,FALSE,FALSE,Neither
9,26788,FALSE,FALSE,Neither
9,26796,FALSE,FALSE,Neither
9,26809,FALSE,FALSE,Neither
9,26825,FALSE,FALSE,Neither
9,26833,FALSE,FALSE,Neither
9,26841,FALSE,FALSE,Neither
9,26868,FALSE,FALSE,Neither
9,26876,FALSE,FALSE,Neither
9,26884,FALSE,FALSE,Neither
9,26905,FALSE,FALSE,Neither
9,26913,FALSE,FALSE,Neither
9,26921,FALSE,FALSE,Neither
9,26956,FALSE,FALSE,Neither
9,26964,FALSE,FALSE,Neither
9,26980,FALSE,FALSE,Neither
9,27000,FALSE,FALSE,Neither
9,27027,FALSE,FALSE,Neither
9,27035,FALSE,FALSE,Neither
9,27043,FALSE,FALSE,Neither
9,27051,FALSE,FALSE,Neither
9,27078,FALSE,FALSE,Neither
9,27086,FALSE,FALSE,Neither
9,27094,FALSE,FALSE,Neither
9,27107,FALSE,FALSE,Neither
9,27115,FALSE,FALSE,Neither
9,27123,FALSE,FALSE,Neither
9,27131,FALSE,FALSE,Neither
9,27158,FALSE,FALSE,Neither
9,27174,FALSE,FALSE,Neither
9,27182,FALSE,FALSE,Neither
9,27190,FALSE,FALSE,Neither
9,27203,FALSE,FALSE,Neither
9,27211,FALSE,FALSE,Neither
9,27238,FALSE,FALSE,Neither
9,27254,FALSE,FALSE,Neither
9,27262,FALSE,FALSE,Neither
9,27270,FALSE,FALSE,Neither
9,27289,FALSE,FALSE,Neither
9,27297,FALSE,FALSE,Neither
9,27318,FALSE,FALSE,Neither
9,27326,FALSE,FALSE,Neither
9,27334,FALSE,FALSE,Neither
9,27342,FALSE,FALSE,Neither
9,27350,FALSE,FALSE,Neither
9,27369,FALSE,FALSE,Neither
9,27377,FALSE,FALSE,Neither
9,27385,FALSE,FALSE,Neither
9,27393,FALSE,FALSE,Neither
9,27406,FALSE,FALSE,Neither
9,27422,FALSE,FALSE,Neither
9,27430,FALSE,FALSE,Neither
9,27449,FALSE,FALSE,Neither
9,27457,FALSE,FALSE,Neither
9,27465,FALSE,FALSE,Neither
9,27473,FALSE,FALSE,Neither
9,27481,FALSE,FALSE,Neither
9,27502,FALSE,FALSE,Neither
9,27510,FALSE,FALSE,Neither
9,27537,FALSE,FALSE,Neither
9,27545,FALSE,FALSE,Neither
9,27596,FALSE,FALSE,Neither
9,27609,FALSE,FALSE,Neither
9,27617,FALSE,FALSE,Neither
9,27633,FALSE,FALSE,Neither
9,27641,FALSE,FALSE,Neither
9,27676,FALSE,FALSE,Neither
9,27684,FALSE,FALSE,Neither
9,27705,FALSE,FALSE,Neither
9,27713,FALSE,FALSE,Neither
9,27721,FALSE,FALSE,Neither
9,27748,FALSE,FALSE,Neither
9,27756,FALSE,FALSE,Neither
9,27764,FALSE,FALSE,Neither
9,27780,FALSE,FALSE,Neither
9,27799,FALSE,FALSE,Neither
9,27801,FALSE,FALSE,Neither
9,27828,FALSE,FALSE,Neither
9,27836,FALSE,FALSE,Neither
9,27852,FALSE,FALSE,Neither
9,27860,FALSE,FALSE,Neither
9,27879,FALSE,FALSE,Neither
9,27887,FALSE,FALSE,Neither
9,27895,FALSE,FALSE,Neither
9,27908,FALSE,FALSE,Neither
9,27916,FALSE,FALSE,Neither
9,27924,FALSE,FALSE,Neither
9,27932,FALSE,FALSE,Neither
9,27940,FALSE,FALSE,Neither
9,27959,FALSE,FALSE,Neither
9,27967,FALSE,FALSE,Neither
9,27983,FALSE,FALSE,Neither
9,27991,FALSE,FALSE,Neither
9,28003,FALSE,FALSE,Neither
9,28038,FALSE,FALSE,Neither
9,28046,FALSE,FALSE,Neither
9,28054,FALSE,FALSE,Neither
9,28062,FALSE,FALSE,Neither
9,28070,FALSE,FALSE,Neither
9,28089,FALSE,FALSE,Neither
9,28097,FALSE,FALSE,Neither
9,28118,FALSE,FALSE,Neither
9,28134,FALSE,FALSE,Neither
9,28142,FALSE,FALSE,Neither
9,28150,FALSE,FALSE,Neither
9,28169,FALSE,FALSE,Neither
9,28177,FALSE,FALSE,Neither
9,28193,FALSE,FALSE,Neither
9,28206,FALSE,FALSE,Neither
9,28222,FALSE,FALSE,Neither
9,28230,FALSE,FALSE,Neither
9,28257,FALSE,FALSE,Neither
9,28265,FALSE,FALSE,Neither
9,28329,FALSE,FALSE,Neither
9,28337,FALSE,FALSE,Neither
9,28345,FALSE,FALSE,Neither
9,28353,FALSE,FALSE,Neither
9,28361,FALSE,FALSE,Neither
9,28388,FALSE,FALSE,Neither
9,28409,FALSE,FALSE,Neither
9,28417,FALSE,FALSE,Neither
9,28425,FALSE,FALSE,Neither
9,28433,FALSE,FALSE,Neither
9,28441,FALSE,FALSE,Neither
9,28468,FALSE,FALSE,Neither
9,28476,FALSE,FALSE,Neither
9,28484,FALSE,FALSE,Neither
9,28492,FALSE,FALSE,Neither
9,28505,FALSE,FALSE,Neither
9,28513,TRUE,TRUE,Both
9,28548,FALSE,FALSE,Neither
9,28556,FALSE,FALSE,Neither
9,28564,FALSE,FALSE,Neither
9,28580,FALSE,FALSE,Neither
9,28994,FALSE,FALSE,Neither
9,29372,FALSE,FALSE,Neither
9,29479,FALSE,FALSE,Neither
9,29612,FALSE,FALSE,Neither
9,29663,FALSE,FALSE,Neither
9,29911,FALSE,FALSE,Neither
9,29962,FALSE,FALSE,Neither
9,29997,FALSE,FALSE,Neither
9,30314,FALSE,FALSE,Neither
9,30330,FALSE,FALSE,Neither
9,30533,FALSE,FALSE,Neither
9,31368,FALSE,FALSE,Neither
9,31464,FALSE,FALSE,Neither
9,31536,FALSE,FALSE,Neither
9,31616,FALSE,FALSE,Neither
9,31659,FALSE,FALSE,Neither
9,31763,FALSE,FALSE,Neither
9,32037,FALSE,FALSE,Neither
9,32141,FALSE,FALSE,Neither
9,32272,FALSE,FALSE,Neither
9,32475,FALSE,FALSE,Neither
9,32504,FALSE,FALSE,Neither
9,32651,FALSE,FALSE,Neither
9,32694,FALSE,FALSE,Neither
9,32707,FALSE,FALSE,Neither
9,33056,FALSE,FALSE,Neither
9,33363,FALSE,FALSE,Neither
9,33566,FALSE,FALSE,Neither
9,33785,FALSE,FALSE,Neither
9,34024,FALSE,FALSE,Neither
9,34323,FALSE,FALSE,Neither
9,34550,FALSE,FALSE,Neither
9,34833,FALSE,FALSE,Neither
9,34841,FALSE,FALSE,Neither
9,34892,FALSE,FALSE,Neither
9,34948,FALSE,FALSE,Neither
9,34999,FALSE,FALSE,Neither
9,35115,FALSE,FALSE,Neither
9,35211,FALSE,FALSE,Neither
9,35860,FALSE,FALSE,Neither
9,36054,FALSE,FALSE,Neither
9,36249,FALSE,FALSE,Neither
9,36388,FALSE,FALSE,Neither
9,36468,FALSE,FALSE,Neither
9,36740,FALSE,FALSE,Neither
9,36978,FALSE,FALSE,Neither
9,37129,FALSE,FALSE,Neither
9,37161,FALSE,FALSE,Neither
9,37209,FALSE,FALSE,Neither
9,37508,FALSE,FALSE,Neither
9,37639,FALSE,FALSE,Neither
9,38033,FALSE,FALSE,Neither
9,38324,FALSE,FALSE,Neither
9,38375,FALSE,FALSE,Neither
9,38420,FALSE,FALSE,Neither
9,38455,FALSE,FALSE,Neither
9,38543,FALSE,FALSE,Neither
9,38551,FALSE,FALSE,Neither
9,38578,FALSE,FALSE,Neither
9,38586,FALSE,FALSE,Neither
9,38594,FALSE,FALSE,Neither
9,38658,FALSE,FALSE,Neither
9,38682,FALSE,FALSE,Neither
9,38703,FALSE,FALSE,Neither
9,38711,FALSE,FALSE,Neither
9,38762,FALSE,FALSE,Neither
9,38826,FALSE,FALSE,Neither
9,38869,FALSE,FALSE,Neither
9,38877,FALSE,FALSE,Neither
9,38885,FALSE,FALSE,Neither
9,38893,FALSE,FALSE,Neither
9,38906,FALSE,FALSE,Neither
9,38914,FALSE,FALSE,Neither
9,38930,FALSE,FALSE,Neither
9,38973,FALSE,FALSE,Neither
9,38981,FALSE,FALSE,Neither
9,39028,FALSE,FALSE,Neither
9,39036,FALSE,FALSE,Neither
9,39087,FALSE,FALSE,Neither
9,39095,FALSE,FALSE,Neither
9,39108,FALSE,FALSE,Neither
9,39124,FALSE,FALSE,Neither
9,39167,FALSE,FALSE,Neither
9,39175,FALSE,FALSE,Neither
9,39263,FALSE,FALSE,Neither
9,39271,FALSE,FALSE,Neither
9,39300,FALSE,FALSE,Neither
9,39335,FALSE,FALSE,Neither
9,39343,FALSE,FALSE,Neither
9,39394,FALSE,FALSE,Neither
9,39458,FALSE,FALSE,Neither
9,39503,FALSE,FALSE,Neither
9,39538,FALSE,FALSE,Neither
9,39562,FALSE,FALSE,Neither
9,39570,FALSE,FALSE,Neither
9,39597,FALSE,FALSE,Neither
9,39626,FALSE,FALSE,Neither
9,39642,FALSE,FALSE,Neither
9,39669,FALSE,FALSE,Neither
9,39685,FALSE,FALSE,Neither
9,39693,FALSE,FALSE,Neither
9,39714,FALSE,FALSE,Neither
9,39722,FALSE,FALSE,Neither
9,39749,FALSE,FALSE,Neither
9,39896,FALSE,FALSE,Neither
9,39917,FALSE,FALSE,Neither
9,39925,FALSE,FALSE,Neither
9,39941,FALSE,FALSE,Neither
9,39992,FALSE,FALSE,Neither
9,40010,FALSE,FALSE,Neither
9,40037,FALSE,FALSE,Neither
9,40053,FALSE,FALSE,Neither
9,40061,FALSE,FALSE,Neither
9,40133,FALSE,FALSE,Neither
9,40213,FALSE,FALSE,Neither
9,40248,FALSE,FALSE,Neither
9,40272,FALSE,FALSE,Neither
9,40301,FALSE,FALSE,Neither
9,40352,FALSE,FALSE,Neither
9,40408,FALSE,FALSE,Neither
9,40416,FALSE,FALSE,Neither
9,40432,FALSE,FALSE,Neither
9,40440,FALSE,FALSE,Neither
9,40483,FALSE,FALSE,Neither
9,40491,FALSE,FALSE,Neither
9,40504,FALSE,FALSE,Neither
9,40520,FALSE,FALSE,Neither
9,40539,FALSE,FALSE,Neither
9,40571,FALSE,FALSE,Neither
9,40598,FALSE,FALSE,Neither
9,40619,FALSE,FALSE,Neither
9,40627,FALSE,FALSE,Neither
9,40635,FALSE,FALSE,Neither
9,40651,FALSE,FALSE,Neither
9,40678,FALSE,FALSE,Neither
9,40686,FALSE,FALSE,Neither
9,40694,FALSE,FALSE,Neither
9,40707,FALSE,FALSE,Neither
9,40723,FALSE,FALSE,Neither
9,40758,FALSE,FALSE,Neither
9,40782,FALSE,FALSE,Neither
9,40790,FALSE,FALSE,Neither
9,40811,FALSE,FALSE,Neither
9,40854,FALSE,FALSE,Neither
9,40862,FALSE,FALSE,Neither
9,40889,FALSE,FALSE,Neither
9,40926,FALSE,FALSE,Neither
9,41021,FALSE,FALSE,Neither
9,41064,FALSE,FALSE,Neither
9,41080,FALSE,FALSE,Neither
9,41152,FALSE,FALSE,Neither
9,41179,FALSE,FALSE,Neither
9,41187,FALSE,FALSE,Neither
9,41208,FALSE,FALSE,Neither
9,41275,FALSE,FALSE,Neither
9,41283,FALSE,FALSE,Neither
9,41312,FALSE,FALSE,Neither
9,41355,FALSE,FALSE,Neither
9,41371,FALSE,FALSE,Neither
9,41427,FALSE,FALSE,Neither
9,41443,FALSE,FALSE,Neither
9,41478,FALSE,FALSE,Neither
9,41515,FALSE,FALSE,Neither
9,41523,FALSE,FALSE,Neither
9,41566,FALSE,FALSE,Neither
9,41590,FALSE,FALSE,Neither
9,41689,FALSE,FALSE,Neither
9,41718,FALSE,FALSE,Neither
9,41726,FALSE,FALSE,Neither
9,41734,FALSE,FALSE,Neither
9,41785,FALSE,FALSE,Neither
9,41822,FALSE,FALSE,Neither
9,41929,FALSE,FALSE,Neither
9,41937,FALSE,FALSE,Neither
9,41953,FALSE,FALSE,Neither
9,41988,FALSE,FALSE,Neither
9,41996,FALSE,FALSE,Neither
9,42016,FALSE,FALSE,Neither
9,42024,FALSE,FALSE,Neither
9,42059,FALSE,FALSE,Neither
9,42075,FALSE,FALSE,Neither
9,42083,FALSE,FALSE,Neither
9,42104,FALSE,FALSE,Neither
9,42112,FALSE,FALSE,Neither
9,42171,FALSE,FALSE,Neither
9,42198,FALSE,FALSE,Neither
9,42200,FALSE,FALSE,Neither
9,42227,FALSE,FALSE,Neither
9,42235,FALSE,FALSE,Neither
9,42286,FALSE,FALSE,Neither
9,42307,FALSE,FALSE,Neither
9,42315,FALSE,FALSE,Neither
9,42323,FALSE,FALSE,Neither
9,42331,FALSE,FALSE,Neither
9,42390,FALSE,FALSE,Neither
9,42462,FALSE,FALSE,Neither
9,42470,FALSE,FALSE,Neither
9,42534,FALSE,FALSE,Neither
9,42550,FALSE,FALSE,Neither
9,42569,FALSE,FALSE,Neither
9,42585,FALSE,FALSE,Neither
9,42606,FALSE,FALSE,Neither
9,42657,FALSE,FALSE,Neither
9,42710,FALSE,FALSE,Neither
9,42745,FALSE,FALSE,Neither
9,42761,FALSE,FALSE,Neither
9,42788,FALSE,FALSE,Neither
9,42796,FALSE,FALSE,Neither
9,42817,FALSE,FALSE,Neither
9,42833,FALSE,FALSE,Neither
9,42884,FALSE,FALSE,Neither
9,42905,FALSE,FALSE,Neither
9,42999,FALSE,FALSE,Neither
9,43019,FALSE,FALSE,Neither
9,43027,FALSE,FALSE,Neither
9,43051,FALSE,FALSE,Neither
9,43086,FALSE,FALSE,Neither
9,43123,FALSE,FALSE,Neither
9,43131,FALSE,FALSE,Neither
9,43190,FALSE,FALSE,Neither
9,43203,FALSE,FALSE,Neither
9,43238,FALSE,FALSE,Neither
9,43246,FALSE,FALSE,Neither
9,43318,FALSE,FALSE,Neither
9,43350,FALSE,FALSE,Neither
9,43369,FALSE,FALSE,Neither
9,43385,FALSE,FALSE,Neither
9,43422,FALSE,FALSE,Neither
9,43449,FALSE,FALSE,Neither
9,43473,FALSE,FALSE,Neither
9,43502,FALSE,FALSE,Neither
9,43510,FALSE,FALSE,Neither
9,43553,FALSE,FALSE,Neither
9,43596,FALSE,FALSE,Neither
9,43609,FALSE,FALSE,Neither
9,43633,FALSE,FALSE,Neither
9,43668,FALSE,FALSE,Neither
9,43676,FALSE,FALSE,Neither
9,43713,FALSE,FALSE,Neither
9,43721,FALSE,FALSE,Neither
9,43764,FALSE,FALSE,Neither
9,43772,FALSE,FALSE,Neither
9,43844,FALSE,FALSE,Neither
9,43940,FALSE,FALSE,Neither
9,43975,FALSE,FALSE,Neither
9,44062,FALSE,FALSE,Neither
9,44134,FALSE,FALSE,Neither
9,53023,TRUE,TRUE,Both
9,58149,FALSE,FALSE,Neither
9,58843,FALSE,TRUE,B only
9,68195,FALSE,FALSE,Neither
9,68523,FALSE,FALSE,Neither
9,84751,FALSE,FALSE,Neither
9,86239,TRUE,TRUE,Both
